time,A's ID,B's ID,A Clicks,B Clicks,Looking at A's piece,Looking at B's piece
2015-04-16 10:38:32.804000,null,SP4S1,easy2_10,easy2_11,False,True
2015-04-16 10:38:33.402000,null,SP4S1,easy2_10,easy2_11,False,True
2015-04-16 10:38:34.901000,null,SP4S1,easy2_10,easy2_11,False,True
2015-04-16 10:38:35.001000,null,SP4S1,easy2_10,easy2_11,False,True
2015-04-16 10:38:35.201000,null,SP4S1,easy2_10,easy2_11,False,True
2015-04-16 10:38:35.300000,null,SP4S1,easy2_10,easy2_11,False,True
2015-04-16 10:38:35.403000,null,SP4S1,easy2_10,easy2_11,False,True
2015-04-16 10:38:39.065000,null,SP4S1,easy2_10,easy2_11,False,True
2015-04-16 10:38:39.165000,null,SP4S1,easy2_10,easy2_11,False,True
2015-04-16 10:38:49.557000,null,SP4S1,easy2_11,easy2_03,False,True
2015-04-16 10:38:49.658000,null,SP4S1,easy2_11,easy2_03,False,True
2015-04-16 10:38:49.756000,null,SP4S1,easy2_11,easy2_03,False,True
2015-04-16 10:38:49.857000,null,SP4S1,easy2_11,easy2_03,False,True
2015-04-16 10:38:49.957000,null,SP4S1,easy2_11,easy2_03,False,True
2015-04-16 10:38:50.056000,null,SP4S1,easy2_11,easy2_03,False,True
2015-04-16 10:38:50.157000,null,SP4S1,easy2_11,easy2_03,False,True
2015-04-16 10:38:50.255000,null,SP4S1,easy2_11,easy2_03,False,True
2015-04-16 10:38:50.355000,null,SP4S1,easy2_11,easy2_03,False,True
2015-04-16 10:38:50.456000,null,SP4S1,easy2_11,easy2_03,False,True
2015-04-16 10:38:50.555000,null,SP4S1,easy2_11,easy2_03,False,True
2015-04-16 10:38:50.656000,null,SP4S1,easy2_11,easy2_03,False,True
2015-04-16 10:38:50.754000,null,SP4S1,easy2_11,easy2_03,False,True
2015-04-16 10:38:51.155000,null,SP4S1,easy2_11,easy2_03,True,False
2015-04-16 10:38:51.256000,null,SP4S1,easy2_11,easy2_03,True,False
2015-04-16 10:38:51.355000,null,SP4S1,easy2_11,easy2_03,True,False
2015-04-16 10:38:51.454000,null,SP4S1,easy2_11,easy2_03,True,False
2015-04-16 10:38:51.554000,null,SP4S1,easy2_11,easy2_03,True,False
2015-04-16 10:38:51.656000,null,SP4S1,easy2_11,easy2_03,True,False
2015-04-16 10:38:51.754000,null,SP4S1,easy2_11,easy2_03,True,False
2015-04-16 10:38:51.854000,null,SP4S1,easy2_11,easy2_03,True,False
2015-04-16 10:38:51.954000,null,SP4S1,easy2_11,easy2_03,True,False
2015-04-16 10:38:52.053000,null,SP4S1,easy2_11,easy2_03,True,False
2015-04-16 10:38:52.153000,null,SP4S1,easy2_11,easy2_03,True,False
2015-04-16 10:38:52.256000,null,SP4S1,easy2_11,easy2_03,True,False
2015-04-16 10:38:52.354000,null,SP4S1,easy2_11,easy2_03,True,False
2015-04-16 10:38:52.455000,null,SP4S1,easy2_11,easy2_03,True,False
2015-04-16 10:38:52.556000,null,SP4S1,easy2_11,easy2_03,True,False
2015-04-16 10:38:52.653000,null,SP4S1,easy2_11,easy2_03,True,False
2015-04-16 10:38:52.753000,null,SP4S1,easy2_11,easy2_12,True,False
2015-04-16 10:38:52.854000,null,SP4S1,easy2_11,easy2_12,True,False
2015-04-16 10:38:52.953000,null,SP4S1,easy2_11,easy2_12,True,False
2015-04-16 10:38:53.053000,null,SP4S1,easy2_11,easy2_12,True,False
2015-04-16 10:38:53.153000,null,SP4S1,easy2_11,easy2_12,True,False
2015-04-16 10:38:53.253000,null,SP4S1,easy2_11,easy2_12,True,False
2015-04-16 10:38:53.352000,null,SP4S1,easy2_11,easy2_12,True,False
2015-04-16 10:38:53.452000,null,SP4S1,easy2_11,easy2_12,True,False
2015-04-16 10:38:53.553000,null,SP4S1,easy2_11,easy2_12,True,False
2015-04-16 10:38:53.653000,null,SP4S1,easy2_11,easy2_12,True,False
2015-04-16 10:38:53.753000,null,SP4S1,easy2_11,easy2_12,True,False
2015-04-16 10:38:53.856000,null,SP4S1,easy2_11,easy2_12,True,False
2015-04-16 10:38:55.152000,null,SP4S1,easy2_11,easy2_12,True,False
2015-04-16 10:38:55.252000,null,SP4S1,easy2_11,easy2_12,True,False
2015-04-16 10:38:57.085000,null,SP4S1,easy2_11,easy2_12,True,False
2015-04-16 10:38:57.184000,null,SP4S1,easy2_11,easy2_12,True,False
2015-04-16 10:38:57.284000,null,SP4S1,easy2_11,easy2_12,True,False
2015-04-16 10:39:01.381000,null,SP4S1,easy2_11,easy2_12,False,True
2015-04-16 10:39:01.479000,null,SP4S1,easy2_11,easy2_12,False,True
2015-04-16 10:39:01.580000,null,SP4S1,easy2_11,easy2_12,False,True
2015-04-16 10:39:01.680000,null,SP4S1,easy2_11,easy2_12,False,True
2015-04-16 10:39:01.780000,null,SP4S1,easy2_11,easy2_12,False,True
2015-04-16 10:39:01.880000,null,SP4S1,easy2_11,easy2_12,True,False
2015-04-16 10:39:01.980000,null,SP4S1,easy2_11,easy2_12,True,False
2015-04-16 10:39:02.080000,null,SP4S1,easy2_11,easy2_12,True,False
2015-04-16 10:39:02.179000,null,SP4S1,easy2_11,easy2_12,True,False
2015-04-16 10:39:11.505000,null,SP4S1,easy2_11,easy2_12,True,False
2015-04-16 10:39:15.235000,null,SP4S1,easy2_11,easy2_12,True,False
2015-04-16 10:39:15.336000,null,SP4S1,easy2_11,easy2_12,True,False
2015-04-16 10:39:17.435000,null,SP4S1,easy2_11,easy2_12,True,False
2015-04-16 10:39:17.534000,null,SP4S1,easy2_11,easy2_12,True,False
2015-04-16 10:39:17.635000,null,SP4S1,easy2_11,easy2_12,True,False
2015-04-16 10:39:17.735000,null,SP4S1,easy2_11,easy2_12,True,False
2015-04-16 10:39:17.835000,null,SP4S1,easy2_11,easy2_12,True,False
2015-04-16 10:39:23.229000,null,SP4S1,easy2_15,easy2_11,False,True
2015-04-16 10:39:24.328000,null,SP4S1,easy2_15,easy2_11,True,False
2015-04-16 10:39:24.729000,null,SP4S1,easy2_15,easy2_11,True,False
2015-04-16 10:39:24.828000,null,SP4S1,easy2_15,easy2_11,True,False
2015-04-16 10:39:24.928000,null,SP4S1,easy2_15,easy2_11,True,False
2015-04-16 10:39:25.029000,null,SP4S1,easy2_15,easy2_11,True,False
2015-04-16 10:39:25.128000,null,SP4S1,easy2_15,easy2_11,True,False
2015-04-16 10:39:25.227000,null,SP4S1,easy2_15,easy2_11,True,False
2015-04-16 10:39:25.328000,null,SP4S1,easy2_15,easy2_11,True,False
2015-04-16 10:39:25.428000,null,SP4S1,easy2_15,easy2_11,True,False
2015-04-16 10:39:25.529000,null,SP4S1,easy2_15,easy2_11,True,False
2015-04-16 10:39:26.328000,null,SP4S1,easy2_15,easy2_11,True,False
2015-04-16 10:39:26.428000,null,SP4S1,easy2_15,easy2_11,True,False
2015-04-16 10:39:26.527000,null,SP4S1,easy2_15,easy2_11,True,False
2015-04-16 10:39:27.527000,null,SP4S1,easy2_15,easy2_11,False,True
2015-04-16 10:39:27.626000,null,SP4S1,easy2_15,easy2_11,False,True
2015-04-16 10:39:27.729000,null,SP4S1,easy2_15,easy2_11,True,False
2015-04-16 10:39:28.827000,null,SP4S1,easy2_15,easy2_11,True,False
2015-04-16 10:39:29.025000,null,SP4S1,easy2_15,easy2_11,True,False
2015-04-16 10:39:29.125000,null,SP4S1,easy2_15,easy2_11,True,False
2015-04-16 10:39:30.023000,null,SP4S1,easy2_15,easy2_11,True,False
2015-04-16 10:39:30.326000,null,SP4S1,easy2_15,easy2_11,True,False
2015-04-16 10:39:30.424000,null,SP4S1,easy2_15,easy2_11,True,False
2015-04-16 10:39:30.525000,null,SP4S1,easy2_15,easy2_11,True,False
2015-04-16 10:39:30.624000,null,SP4S1,easy2_15,easy2_11,True,False
2015-04-16 10:39:30.723000,null,SP4S1,easy2_15,easy2_11,True,False
2015-04-16 10:39:30.823000,null,SP4S1,easy2_15,easy2_11,True,False
2015-04-16 10:39:30.923000,null,SP4S1,easy2_15,easy2_11,True,False
2015-04-16 10:39:31.422000,null,SP4S1,easy2_12,easy2_14,False,True
2015-04-16 10:39:31.522000,null,SP4S1,easy2_12,easy2_14,False,True
2015-04-16 10:39:32.521000,null,SP4S1,easy2_12,easy2_14,False,True
2015-04-16 10:39:32.621000,null,SP4S1,easy2_12,easy2_14,False,True
2015-04-16 10:39:32.921000,null,SP4S1,easy2_10,easy2_14,False,True
2015-04-16 10:39:33.022000,null,SP4S1,easy2_10,easy2_14,False,True
2015-04-16 10:39:33.122000,null,SP4S1,easy2_10,easy2_14,False,True
2015-04-16 10:39:33.221000,null,SP4S1,easy2_10,easy2_14,False,True
2015-04-16 10:39:33.323000,null,SP4S1,easy2_10,easy2_14,False,True
2015-04-16 10:39:33.421000,null,SP4S1,easy2_10,easy2_14,False,True
2015-04-16 10:39:33.522000,null,SP4S1,easy2_10,easy2_14,False,True
2015-04-16 10:39:33.623000,null,SP4S1,easy2_10,easy2_14,False,True
2015-04-16 10:39:37.153000,null,SP4S1,easy2_12,easy2_16,False,True
2015-04-16 10:39:37.252000,null,SP4S1,easy2_12,easy2_16,False,True
2015-04-16 10:39:37.353000,null,SP4S1,easy2_12,easy2_16,False,True
2015-04-16 10:39:37.453000,null,SP4S1,easy2_12,easy2_16,False,True
2015-04-16 10:39:37.553000,null,SP4S1,easy2_12,easy2_16,False,True
2015-04-16 10:39:37.652000,null,SP4S1,easy2_12,easy2_16,False,True
2015-04-16 10:39:37.751000,null,SP4S1,easy2_12,easy2_16,False,True
2015-04-16 10:39:37.852000,null,SP4S1,easy2_12,easy2_16,False,True
2015-04-16 10:39:37.951000,null,SP4S1,easy2_12,easy2_16,False,True
2015-04-16 10:39:38.052000,null,SP4S1,easy2_12,easy2_16,False,True
2015-04-16 10:39:38.153000,null,SP4S1,easy2_12,easy2_16,False,True
2015-04-16 10:39:38.251000,null,SP4S1,easy2_12,easy2_16,False,True
2015-04-16 10:39:38.350000,null,SP4S1,easy2_12,easy2_16,False,True
2015-04-16 10:39:39.352000,null,SP4S1,easy2_12,easy2_16,False,True
2015-04-16 10:39:39.450000,null,SP4S1,easy2_12,easy2_16,False,True
2015-04-16 10:39:44.678000,null,SP4S1,easy2_10,easy2_09,True,False
2015-04-16 10:39:44.780000,null,SP4S1,easy2_10,easy2_09,True,False
2015-04-16 10:39:44.880000,null,SP4S1,easy2_10,easy2_09,True,False
2015-04-16 10:39:44.978000,null,SP4S1,easy2_10,easy2_09,True,False
2015-04-16 10:39:45.078000,null,SP4S1,easy2_10,easy2_09,True,False
2015-04-16 10:39:45.178000,null,SP4S1,easy2_10,easy2_09,True,False
2015-04-16 10:39:45.280000,null,SP4S1,easy2_10,easy2_09,True,False
2015-04-16 10:39:45.379000,null,SP4S1,easy2_10,easy2_09,True,False
2015-04-16 10:39:45.479000,null,SP4S1,easy2_10,easy2_09,True,False
2015-04-16 10:39:45.580000,null,SP4S1,easy2_10,easy2_09,True,False
2015-04-16 10:39:45.679000,null,SP4S1,easy2_10,easy2_09,True,False
2015-04-16 10:39:47.177000,null,SP4S1,easy2_10,easy2_09,False,True
2015-04-16 10:39:47.278000,null,SP4S1,easy2_10,easy2_09,False,True
2015-04-16 10:39:47.377000,null,SP4S1,easy2_10,easy2_09,False,True
2015-04-16 10:39:47.477000,null,SP4S1,easy2_10,easy2_09,False,True
2015-04-16 10:39:47.578000,null,SP4S1,easy2_10,easy2_09,False,True
2015-04-16 10:39:49.076000,null,SP4S1,easy2_10,easy2_09,True,False
2015-04-16 10:39:49.176000,null,SP4S1,easy2_10,easy2_09,True,False
2015-04-16 10:39:49.977000,null,SP4S1,easy2_10,easy2_09,False,True
2015-04-16 10:39:50.075000,null,SP4S1,easy2_10,easy2_09,False,True
2015-04-16 10:39:50.175000,null,SP4S1,easy2_10,easy2_09,False,True
2015-04-16 10:39:50.276000,null,SP4S1,easy2_10,easy2_09,False,True
2015-04-16 10:39:51.074000,null,SP4S1,easy2_10,easy2_09,False,True
2015-04-16 10:39:51.175000,null,SP4S1,easy2_10,easy2_09,True,False
2015-04-16 10:39:51.274000,null,SP4S1,easy2_10,easy2_09,True,False
2015-04-16 10:39:51.373000,null,SP4S1,easy2_10,easy2_09,True,False
2015-04-16 10:39:53.373000,null,SP4S1,easy2_13,easy2_15,False,True
2015-04-16 10:39:53.472000,null,SP4S1,easy2_13,easy2_15,True,False
2015-04-16 10:39:56.669000,null,SP4S1,easy2_13,easy2_15,True,False
2015-04-16 10:39:56.769000,null,SP4S1,easy2_13,easy2_15,True,False
2015-04-16 10:39:56.871000,null,SP4S1,easy2_13,easy2_15,True,False
2015-04-16 10:39:56.970000,null,SP4S1,easy2_13,easy2_15,True,False
2015-04-16 10:39:57.070000,null,SP4S1,easy2_13,easy2_15,True,False
2015-04-16 10:39:57.268000,null,SP4S1,easy2_13,easy2_15,True,False
2015-04-16 10:40:00.369000,null,SP4S1,easy2_13,easy2_15,True,False
2015-04-16 10:40:00.466000,null,SP4S1,easy2_13,easy2_15,True,False
2015-04-16 10:40:00.567000,null,SP4S1,easy2_13,easy2_15,True,False
2015-04-16 10:40:02.365000,null,SP4S1,easy2_13,easy2_14,False,True
2015-04-16 10:40:02.465000,null,SP4S1,easy2_13,easy2_14,False,True
2015-04-16 10:40:15.123000,null,SP4S1,easy2_14,easy2_08,True,False
2015-04-16 10:40:15.222000,null,SP4S1,easy2_14,easy2_08,True,False
2015-04-16 10:40:15.321000,null,SP4S1,easy2_14,easy2_08,True,False
2015-04-16 10:40:15.420000,null,SP4S1,easy2_14,easy2_08,True,False
2015-04-16 10:40:15.522000,null,SP4S1,easy2_14,easy2_08,True,False
2015-04-16 10:40:17.920000,null,SP4S1,easy2_09,easy2_08,True,False
2015-04-16 10:40:18.020000,null,SP4S1,easy2_09,easy2_08,True,False
2015-04-16 10:40:18.118000,null,SP4S1,easy2_09,easy2_08,True,False
2015-04-16 10:40:18.224000,null,SP4S1,easy2_09,easy2_08,True,False
2015-04-16 10:40:18.453000,null,SP4S1,easy2_09,easy2_08,True,False
2015-04-16 10:40:18.552000,null,SP4S1,easy2_09,easy2_08,True,False
2015-04-16 10:40:18.653000,null,SP4S1,easy2_09,easy2_08,True,False
2015-04-16 10:40:18.753000,null,SP4S1,easy2_09,easy2_08,True,False
2015-04-16 10:40:18.851000,null,SP4S1,easy2_09,easy2_08,True,False
2015-04-16 10:40:18.953000,null,SP4S1,easy2_09,easy2_08,True,False
2015-04-16 10:40:19.051000,null,SP4S1,easy2_09,easy2_08,True,False
2015-04-16 10:40:19.152000,null,SP4S1,easy2_09,easy2_08,True,False
2015-04-16 10:40:19.251000,null,SP4S1,easy2_09,easy2_08,True,False
2015-04-16 10:40:22.050000,null,SP4S1,easy2_09,easy2_08,False,True
2015-04-16 10:40:22.151000,null,SP4S1,easy2_10,easy2_08,False,True
2015-04-16 10:40:22.249000,null,SP4S1,easy2_10,easy2_08,True,False
2015-04-16 10:40:22.349000,null,SP4S1,easy2_10,easy2_08,False,True
2015-04-16 10:40:22.748000,null,SP4S1,easy2_10,easy2_08,True,False
2015-04-16 10:40:22.848000,null,SP4S1,easy2_10,easy2_08,True,False
2015-04-16 10:40:22.948000,null,SP4S1,easy2_10,easy2_08,True,False
2015-04-16 10:40:24.448000,null,SP4S1,easy2_10,easy2_08,False,True
2015-04-16 10:40:24.547000,null,SP4S1,easy2_10,easy2_08,False,True
2015-04-16 10:40:24.647000,null,SP4S1,easy2_10,easy2_08,False,True
2015-04-16 10:40:27.278000,null,SP4S1,easy2_10,easy2_08,False,True
2015-04-16 10:40:27.380000,null,SP4S1,easy2_10,easy2_08,False,True
2015-04-16 10:40:27.478000,null,SP4S1,easy2_10,easy2_08,False,True
2015-04-16 10:40:37.238000,null,SP4S1,easy2_02,easy2_03,False,True
2015-04-16 10:40:37.337000,null,SP4S1,easy2_02,easy2_03,False,True
2015-04-16 10:40:37.437000,null,SP4S1,easy2_02,easy2_03,False,True
2015-04-16 10:40:38.302000,null,SP4S1,easy2_02,easy2_03,False,True
2015-04-16 10:40:38.403000,null,SP4S1,easy2_02,easy2_03,True,False
2015-04-16 10:40:40.834000,null,SP4S1,easy2_02,easy2_03,False,True
2015-04-16 10:40:42.535000,null,SP4S1,easy2_08,easy2_02,False,True
2015-04-16 10:40:45.431000,null,SP4S1,easy2_08,easy2_02,True,False
2015-04-16 10:40:45.534000,null,SP4S1,easy2_08,easy2_02,True,False
2015-04-16 10:40:45.631000,null,SP4S1,easy2_08,easy2_02,True,False
2015-04-16 10:40:45.731000,null,SP4S1,easy2_08,easy2_02,True,False
2015-04-16 10:40:45.832000,null,SP4S1,easy2_08,easy2_02,True,False
2015-04-16 10:40:45.931000,null,SP4S1,easy2_08,easy2_02,True,False
2015-04-16 10:40:46.031000,null,SP4S1,easy2_08,easy2_02,True,False
2015-04-16 10:40:46.131000,null,SP4S1,easy2_08,easy2_02,True,False
2015-04-16 10:40:46.230000,null,SP4S1,easy2_08,easy2_02,True,False
2015-04-16 10:40:46.330000,null,SP4S1,easy2_08,easy2_02,True,False
2015-04-16 10:40:46.431000,null,SP4S1,easy2_08,easy2_02,True,False
2015-04-16 10:40:46.532000,null,SP4S1,easy2_08,easy2_02,True,False
2015-04-16 10:40:46.630000,null,SP4S1,easy2_08,easy2_02,True,False
2015-04-16 10:40:46.731000,null,SP4S1,easy2_08,easy2_02,True,False
2015-04-16 10:40:46.830000,null,SP4S1,easy2_08,easy2_02,True,False
2015-04-16 10:40:46.929000,null,SP4S1,easy2_08,easy2_02,True,False
2015-04-16 10:40:47.030000,null,SP4S1,easy2_08,easy2_02,True,False
2015-04-16 10:40:47.131000,null,SP4S1,easy2_08,easy2_02,True,False
2015-04-16 10:40:47.530000,null,SP4S1,easy2_08,easy2_02,True,False
2015-04-16 10:40:47.631000,null,SP4S1,easy2_08,easy2_02,True,False
2015-04-16 10:40:47.729000,null,SP4S1,easy2_08,easy2_02,True,False
2015-04-16 10:40:47.831000,null,SP4S1,easy2_08,easy2_02,True,False
2015-04-16 10:40:47.929000,null,SP4S1,easy2_08,easy2_02,True,False
2015-04-16 10:40:48.030000,null,SP4S1,easy2_08,easy2_02,True,False
2015-04-16 10:40:48.129000,null,SP4S1,easy2_08,easy2_02,True,False
2015-04-16 10:40:48.229000,null,SP4S1,easy2_08,easy2_02,True,False
2015-04-16 10:40:50.226000,null,SP4S1,easy2_08,easy2_02,True,False
2015-04-16 10:40:50.327000,null,SP4S1,easy2_08,easy2_02,True,False
2015-04-16 10:40:50.427000,null,SP4S1,easy2_08,easy2_02,True,False
2015-04-16 10:40:52.926000,null,SP4S1,easy2_08,easy2_02,True,False
2015-04-16 10:40:53.025000,null,SP4S1,easy2_08,easy2_02,True,False
2015-04-16 10:40:53.127000,null,SP4S1,easy2_08,easy2_02,True,False
2015-04-16 10:40:53.224000,null,SP4S1,easy2_08,easy2_02,True,False
2015-04-16 10:40:53.326000,null,SP4S1,easy2_08,easy2_02,True,False
2015-04-16 10:40:53.425000,null,SP4S1,easy2_08,easy2_02,True,False
2015-04-16 10:40:54.690000,null,SP4S1,easy2_08,easy2_02,True,False
2015-04-16 10:40:58.920000,null,SP4S1,easy2_08,easy2_02,True,False
2015-04-16 10:41:00.618000,null,SP4S1,easy2_02,easy2_04,False,True
2015-04-16 10:41:09.412000,null,SP4S1,easy2_04,easy2_08,False,True
2015-04-16 10:41:09.511000,null,SP4S1,easy2_04,easy2_08,False,True
2015-04-16 10:41:09.611000,null,SP4S1,easy2_04,easy2_08,False,True
2015-04-16 10:41:09.711000,null,SP4S1,easy2_04,easy2_08,False,True
2015-04-16 10:41:09.811000,null,SP4S1,easy2_04,easy2_08,False,True
2015-04-16 10:41:11.312000,null,SP4S1,easy2_04,easy2_08,False,True
2015-04-16 10:41:11.410000,null,SP4S1,easy2_04,easy2_08,False,True
2015-04-16 10:41:11.510000,null,SP4S1,easy2_04,easy2_08,False,True
2015-04-16 10:41:11.609000,null,SP4S1,easy2_04,easy2_08,False,True
2015-04-16 10:41:11.710000,null,SP4S1,easy2_04,easy2_08,False,True
2015-04-16 10:41:11.810000,null,SP4S1,easy2_04,easy2_08,False,True
2015-04-16 10:41:13.110000,null,SP4S1,easy2_04,easy2_08,False,True
2015-04-16 10:41:13.208000,null,SP4S1,easy2_04,easy2_08,False,True
2015-04-16 10:41:20.236000,null,SP4S1,easy2_07,easy2_12,True,False
2015-04-16 10:41:20.336000,null,SP4S1,easy2_07,easy2_12,True,False
2015-04-16 10:41:21.036000,null,SP4S1,easy2_07,easy2_12,True,False
2015-04-16 10:41:21.136000,null,SP4S1,easy2_07,easy2_12,True,False
2015-04-16 10:41:21.236000,null,SP4S1,easy2_07,easy2_12,False,True
2015-04-16 10:41:21.337000,null,SP4S1,easy2_07,easy2_12,True,False
2015-04-16 10:41:26.531000,null,SP4S1,easy2_07,easy2_08,False,True
2015-04-16 10:41:26.631000,null,SP4S1,easy2_07,easy2_08,False,True
2015-04-16 10:41:26.731000,null,SP4S1,easy2_07,easy2_08,False,True
2015-04-16 10:41:26.831000,null,SP4S1,easy2_07,easy2_08,False,True
2015-04-16 10:41:26.933000,null,SP4S1,easy2_07,easy2_08,False,True
2015-04-16 10:41:27.031000,null,SP4S1,easy2_07,easy2_08,False,True
2015-04-16 10:41:30.028000,null,SP4S1,easy2_07,easy2_08,False,True
2015-04-16 10:41:30.128000,null,SP4S1,easy2_07,easy2_08,False,True
2015-04-16 10:41:30.229000,null,SP4S1,easy2_07,easy2_08,False,True
2015-04-16 10:41:30.828000,null,SP4S1,easy2_07,easy2_08,True,False
2015-04-16 10:41:31.028000,null,SP4S1,easy2_07,easy2_08,True,False
2015-04-16 10:41:31.127000,null,SP4S1,easy2_07,easy2_08,True,False
2015-04-16 10:41:31.227000,null,SP4S1,easy2_07,easy2_08,True,False
2015-04-16 10:41:33.625000,null,SP4S1,easy2_07,easy2_08,True,False
2015-04-16 10:41:33.727000,null,SP4S1,easy2_07,easy2_08,True,False
2015-04-16 10:41:33.825000,null,SP4S1,easy2_07,easy2_08,True,False
2015-04-16 10:41:34.458000,null,SP4S1,easy2_07,easy2_08,True,False
2015-04-16 10:41:34.563000,null,SP4S1,easy2_07,easy2_08,True,False
2015-04-16 10:41:34.658000,null,SP4S1,easy2_07,easy2_08,True,False
2015-04-16 10:41:34.758000,null,SP4S1,easy2_07,easy2_08,True,False
2015-04-16 10:41:34.858000,null,SP4S1,easy2_07,easy2_08,True,False
2015-04-16 10:41:35.559000,null,SP4S1,easy2_07,easy2_08,False,True
2015-04-16 10:41:35.658000,null,SP4S1,easy2_07,easy2_08,False,True
2015-04-16 10:41:35.759000,null,SP4S1,easy2_07,easy2_08,False,True
2015-04-16 10:41:35.858000,null,SP4S1,easy2_07,easy2_08,False,True
2015-04-16 10:41:35.958000,null,SP4S1,easy2_07,easy2_08,False,True
2015-04-16 10:41:36.057000,null,SP4S1,easy2_07,easy2_08,True,False
2015-04-16 10:41:36.158000,null,SP4S1,easy2_07,easy2_08,True,False
2015-04-16 10:41:36.258000,null,SP4S1,easy2_07,easy2_08,True,False
2015-04-16 10:41:36.358000,null,SP4S1,easy2_07,easy2_08,True,False
2015-04-16 10:41:36.457000,null,SP4S1,easy2_07,easy2_08,True,False
2015-04-16 10:41:36.556000,null,SP4S1,easy2_07,easy2_08,True,False
2015-04-16 10:41:36.656000,null,SP4S1,easy2_07,easy2_08,True,False
2015-04-16 10:41:36.757000,null,SP4S1,easy2_07,easy2_08,True,False
2015-04-16 10:41:36.858000,null,SP4S1,easy2_07,easy2_08,False,True
2015-04-16 10:41:36.957000,null,SP4S1,easy2_07,easy2_08,False,True
2015-04-16 10:41:37.056000,null,SP4S1,easy2_07,easy2_08,False,True
2015-04-16 10:41:37.157000,null,SP4S1,easy2_07,easy2_08,False,True
2015-04-16 10:41:37.257000,null,SP4S1,easy2_07,easy2_08,False,True
2015-04-16 10:41:37.359000,null,SP4S1,easy2_07,easy2_08,False,True
2015-04-16 10:41:37.457000,null,SP4S1,easy2_07,easy2_08,False,True
2015-04-16 10:41:42.021000,null,SP4S1,easy2_06,easy2_02,True,False
2015-04-16 10:41:42.618000,null,SP4S1,easy2_06,easy2_02,True,False
2015-04-16 10:41:42.718000,null,SP4S1,easy2_06,easy2_02,True,False
2015-04-16 10:41:44.817000,null,SP4S1,easy2_06,easy2_02,True,False
2015-04-16 10:41:47.316000,null,SP4S1,easy2_02,easy2_05,False,True
2015-04-16 10:41:47.416000,null,SP4S1,easy2_02,easy2_05,False,True
2015-04-16 10:41:47.514000,null,SP4S1,easy2_02,easy2_05,False,True
2015-04-16 10:41:47.614000,null,SP4S1,easy2_02,easy2_05,False,True
2015-04-16 10:41:47.714000,null,SP4S1,easy2_02,easy2_05,False,True
2015-04-16 10:41:47.816000,null,SP4S1,easy2_02,easy2_05,False,True
2015-04-16 10:41:47.914000,null,SP4S1,easy2_02,easy2_05,False,True
2015-04-16 10:41:48.014000,null,SP4S1,easy2_02,easy2_05,False,True
2015-04-16 10:41:49.813000,null,SP4S1,easy2_06,easy2_05,True,False
2015-04-16 10:41:50.612000,null,SP4S1,easy2_06,easy2_05,True,False
2015-04-16 10:41:50.712000,null,SP4S1,easy2_06,easy2_05,True,False
2015-04-16 10:41:50.812000,null,SP4S1,easy2_06,easy2_05,True,False
2015-04-16 10:41:50.911000,null,SP4S1,easy2_06,easy2_05,True,False
2015-04-16 10:41:51.012000,null,SP4S1,easy2_06,easy2_05,True,False
2015-04-16 10:41:51.413000,null,SP4S1,easy2_06,easy2_05,True,False
2015-04-16 10:41:51.511000,null,SP4S1,easy2_06,easy2_05,True,False
2015-04-16 10:41:52.312000,null,SP4S1,easy2_02,easy2_01,True,False
2015-04-16 10:41:52.411000,null,SP4S1,easy2_02,easy2_01,True,False
2015-04-16 10:41:52.510000,null,SP4S1,easy2_02,easy2_01,True,False
2015-04-16 10:41:55.009000,null,SP4S1,easy2_02,easy2_01,True,False
2015-04-16 10:41:55.109000,null,SP4S1,easy2_02,easy2_01,True,False
2015-04-16 10:42:01.403000,null,SP4S1,easy2_09,easy2_07,True,False
2015-04-16 10:42:02.502000,null,SP4S1,easy2_09,easy2_07,True,False
2015-04-16 10:42:02.602000,null,SP4S1,easy2_09,easy2_07,True,False
2015-04-16 10:42:07.134000,null,SP4S1,easy2_09,easy2_05,True,False
2015-04-16 10:42:07.234000,null,SP4S1,easy2_09,easy2_05,True,False
2015-04-16 10:42:07.333000,null,SP4S1,easy2_09,easy2_05,True,False
2015-04-16 10:42:07.434000,null,SP4S1,easy2_09,easy2_05,True,False
2015-04-16 10:42:07.534000,null,SP4S1,easy2_09,easy2_05,True,False
2015-04-16 10:42:07.632000,null,SP4S1,easy2_09,easy2_05,True,False
2015-04-16 10:42:07.732000,null,SP4S1,easy2_09,easy2_05,True,False
2015-04-16 10:42:36.311000,null,SP4S1,plaid3_03,plaid3_02,False,True
2015-04-16 10:42:37.008000,null,SP4S1,plaid3_03,plaid3_02,False,True
2015-04-16 10:42:37.110000,null,SP4S1,plaid3_03,plaid3_02,False,True
2015-04-16 10:42:37.208000,null,SP4S1,plaid3_03,plaid3_02,False,True
2015-04-16 10:42:37.308000,null,SP4S1,plaid3_03,plaid3_02,False,True
2015-04-16 10:42:37.409000,null,SP4S1,plaid3_03,plaid3_02,False,True
2015-04-16 10:42:37.509000,null,SP4S1,plaid3_03,plaid3_02,False,True
2015-04-16 10:42:37.609000,null,SP4S1,plaid3_03,plaid3_02,False,True
2015-04-16 10:42:37.708000,null,SP4S1,plaid3_03,plaid3_02,False,True
2015-04-16 10:42:37.808000,null,SP4S1,plaid3_03,plaid3_02,False,True
2015-04-16 10:42:37.908000,null,SP4S1,plaid3_03,plaid3_02,False,True
2015-04-16 10:42:38.007000,null,SP4S1,plaid3_03,plaid3_02,False,True
2015-04-16 10:42:38.108000,null,SP4S1,plaid3_03,plaid3_02,False,True
2015-04-16 10:42:39.606000,null,SP4S1,plaid3_03,plaid3_02,True,False
2015-04-16 10:42:39.706000,null,SP4S1,plaid3_03,plaid3_02,True,False
2015-04-16 10:42:39.806000,null,SP4S1,plaid3_03,plaid3_02,True,False
2015-04-16 10:42:39.906000,null,SP4S1,plaid3_03,plaid3_02,True,False
2015-04-16 10:42:40.006000,null,SP4S1,plaid3_03,plaid3_02,True,False
2015-04-16 10:42:40.108000,null,SP4S1,plaid3_03,plaid3_02,True,False
2015-04-16 10:42:42.005000,null,SP4S1,plaid3_03,plaid3_02,False,True
2015-04-16 10:42:48.501000,null,SP4S1,plaid3_03,plaid3_02,True,False
2015-04-16 10:42:54.062000,null,SP4S1,plaid3_03,plaid3_02,True,False
2015-04-16 10:42:54.163000,null,SP4S1,plaid3_03,plaid3_02,True,False
2015-04-16 10:42:54.263000,null,SP4S1,plaid3_03,plaid3_02,True,False
2015-04-16 10:42:55.366000,null,SP4S1,plaid3_01,plaid3_02,False,True
2015-04-16 10:42:55.461000,null,SP4S1,plaid3_01,plaid3_02,False,True
2015-04-16 10:42:55.561000,null,SP4S1,plaid3_01,plaid3_02,False,True
2015-04-16 10:42:55.661000,null,SP4S1,plaid3_01,plaid3_02,True,False
2015-04-16 10:42:56.662000,null,SP4S1,plaid3_01,plaid3_02,False,True
2015-04-16 10:42:56.759000,null,SP4S1,plaid3_01,plaid3_02,False,True
2015-04-16 10:42:56.861000,null,SP4S1,plaid3_01,plaid3_02,False,True
2015-04-16 10:42:56.959000,null,SP4S1,plaid3_01,plaid3_02,False,True
2015-04-16 10:42:57.059000,null,SP4S1,plaid3_01,plaid3_02,False,True
2015-04-16 10:42:57.159000,null,SP4S1,plaid3_01,plaid3_02,False,True
2015-04-16 10:42:57.259000,null,SP4S1,plaid3_01,plaid3_02,True,False
2015-04-16 10:42:57.359000,null,SP4S1,plaid3_01,plaid3_02,True,False
2015-04-16 10:42:57.458000,null,SP4S1,plaid3_01,plaid3_02,False,True
2015-04-16 10:42:57.493000,null,SP4S1,plaid3_01,plaid3_02,False,True
2015-04-16 10:42:57.558000,null,SP4S1,plaid3_01,plaid3_02,True,False
2015-04-16 10:42:57.658000,null,SP4S1,plaid3_01,plaid3_02,True,False
2015-04-16 10:42:57.759000,null,SP4S1,plaid3_01,plaid3_02,True,False
2015-04-16 10:42:57.859000,null,SP4S1,plaid3_01,plaid3_02,True,False
2015-04-16 10:42:57.959000,null,SP4S1,plaid3_01,plaid3_02,True,False
2015-04-16 10:42:58.058000,null,SP4S1,plaid3_01,plaid3_02,True,False
2015-04-16 10:42:58.158000,null,SP4S1,plaid3_01,plaid3_02,True,False
2015-04-16 10:42:58.258000,null,SP4S1,plaid3_01,plaid3_02,True,False
2015-04-16 10:42:58.358000,null,SP4S1,plaid3_01,plaid3_02,True,False
2015-04-16 10:42:58.458000,null,SP4S1,plaid3_01,plaid3_02,True,False
2015-04-16 10:42:58.558000,null,SP4S1,plaid3_01,plaid3_02,True,False
2015-04-16 10:43:00.357000,null,SP4S1,plaid3_01,plaid3_02,True,False
2015-04-16 10:43:00.457000,null,SP4S1,plaid3_01,plaid3_02,False,True
2015-04-16 10:43:00.557000,null,SP4S1,plaid3_01,plaid3_02,False,True
2015-04-16 10:43:00.658000,null,SP4S1,plaid3_01,plaid3_02,False,True
2015-04-16 10:43:00.758000,null,SP4S1,plaid3_01,plaid3_02,False,True
2015-04-16 10:43:00.856000,null,SP4S1,plaid3_01,plaid3_02,False,True
2015-04-16 10:43:00.956000,null,SP4S1,plaid3_01,plaid3_02,False,True
2015-04-16 10:43:01.858000,null,SP4S1,plaid3_01,plaid3_02,False,True
2015-04-16 10:43:01.956000,null,SP4S1,plaid3_01,plaid3_02,False,True
2015-04-16 10:43:04.355000,null,SP4S1,plaid3_01,plaid3_02,True,False
2015-04-16 10:43:04.455000,null,SP4S1,plaid3_01,plaid3_02,True,False
2015-04-16 10:43:04.554000,null,SP4S1,plaid3_01,plaid3_02,True,False
2015-04-16 10:43:04.655000,null,SP4S1,plaid3_01,plaid3_02,True,False
2015-04-16 10:43:04.754000,null,SP4S1,plaid3_01,plaid3_02,False,True
2015-04-16 10:43:04.854000,null,SP4S1,plaid3_01,plaid3_02,False,True
2015-04-16 10:43:06.253000,null,SP4S1,plaid3_01,plaid3_02,True,False
2015-04-16 10:43:06.354000,null,SP4S1,plaid3_01,plaid3_02,True,False
2015-04-16 10:43:06.451000,null,SP4S1,plaid3_01,plaid3_02,True,False
2015-04-16 10:43:06.551000,null,SP4S1,plaid3_01,plaid3_02,True,False
2015-04-16 10:43:06.652000,null,SP4S1,plaid3_01,plaid3_02,False,True
2015-04-16 10:43:06.751000,null,SP4S1,plaid3_01,plaid3_02,False,True
2015-04-16 10:43:06.851000,null,SP4S1,plaid3_01,plaid3_02,False,True
2015-04-16 10:43:06.951000,null,SP4S1,plaid3_01,plaid3_02,True,False
2015-04-16 10:43:07.052000,null,SP4S1,plaid3_01,plaid3_02,True,False
2015-04-16 10:43:09.250000,null,SP4S1,plaid3_04,plaid3_02,True,False
2015-04-16 10:43:09.349000,null,SP4S1,plaid3_04,plaid3_02,True,False
2015-04-16 10:43:09.449000,null,SP4S1,plaid3_04,plaid3_02,True,False
2015-04-16 10:43:09.549000,null,SP4S1,plaid3_04,plaid3_02,True,False
2015-04-16 10:43:10.849000,null,SP4S1,plaid3_04,plaid3_02,True,False
2015-04-16 10:43:11.648000,null,SP4S1,plaid3_04,plaid3_02,True,False
2015-04-16 10:43:11.750000,null,SP4S1,plaid3_04,plaid3_02,True,False
2015-04-16 10:43:11.850000,null,SP4S1,plaid3_04,plaid3_02,True,False
2015-04-16 10:43:11.947000,null,SP4S1,plaid3_04,plaid3_02,True,False
2015-04-16 10:43:12.047000,null,SP4S1,plaid3_04,plaid3_02,True,False
2015-04-16 10:43:12.148000,null,SP4S1,plaid3_04,plaid3_02,True,False
2015-04-16 10:43:12.248000,null,SP4S1,plaid3_04,plaid3_02,True,False
2015-04-16 10:43:12.347000,null,SP4S1,plaid3_04,plaid3_02,True,False
2015-04-16 10:43:12.448000,null,SP4S1,plaid3_04,plaid3_02,True,False
2015-04-16 10:43:12.546000,null,SP4S1,plaid3_04,plaid3_02,True,False
2015-04-16 10:43:12.647000,null,SP4S1,plaid3_04,plaid3_02,True,False
2015-04-16 10:43:12.748000,null,SP4S1,plaid3_04,plaid3_02,True,False
2015-04-16 10:43:12.847000,null,SP4S1,plaid3_04,plaid3_02,True,False
2015-04-16 10:43:12.947000,null,SP4S1,plaid3_04,plaid3_02,True,False
2015-04-16 10:43:13.047000,null,SP4S1,plaid3_04,plaid3_02,True,False
2015-04-16 10:43:13.148000,null,SP4S1,plaid3_04,plaid3_02,True,False
2015-04-16 10:43:13.246000,null,SP4S1,plaid3_04,plaid3_02,True,False
2015-04-16 10:43:13.348000,null,SP4S1,plaid3_04,plaid3_02,True,False
2015-04-16 10:43:13.448000,null,SP4S1,plaid3_04,plaid3_03,True,False
2015-04-16 10:43:14.845000,null,SP4S1,plaid3_04,plaid3_03,True,False
2015-04-16 10:43:14.946000,null,SP4S1,plaid3_04,plaid3_03,True,False
2015-04-16 10:43:15.245000,null,SP4S1,plaid3_04,plaid3_03,True,False
2015-04-16 10:43:15.345000,null,SP4S1,plaid3_04,plaid3_03,True,False
2015-04-16 10:43:15.546000,null,SP4S1,plaid3_04,plaid3_03,True,False
2015-04-16 10:43:17.044000,null,SP4S1,plaid3_04,plaid3_03,True,False
2015-04-16 10:43:17.143000,null,SP4S1,plaid3_04,plaid3_03,True,False
2015-04-16 10:43:17.245000,null,SP4S1,plaid3_04,plaid3_03,True,False
2015-04-16 10:43:17.345000,null,SP4S1,plaid3_04,plaid3_03,True,False
2015-04-16 10:43:17.443000,null,SP4S1,plaid3_04,plaid3_03,True,False
2015-04-16 10:43:17.544000,null,SP4S1,plaid3_04,plaid3_03,True,False
2015-04-16 10:43:21.107000,null,SP4S1,plaid3_04,plaid3_03,True,False
2015-04-16 10:43:21.207000,null,SP4S1,plaid3_04,plaid3_03,True,False
2015-04-16 10:43:24.904000,null,SP4S1,plaid3_04,plaid3_03,True,False
2015-04-16 10:43:25.004000,null,SP4S1,plaid3_04,plaid3_03,True,False
2015-04-16 10:43:25.103000,null,SP4S1,plaid3_04,plaid3_03,True,False
2015-04-16 10:43:25.204000,null,SP4S1,plaid3_04,plaid3_03,True,False
2015-04-16 10:43:25.304000,null,SP4S1,plaid3_04,plaid3_03,True,False
2015-04-16 10:43:25.403000,null,SP4S1,plaid3_04,plaid3_03,True,False
2015-04-16 10:43:25.903000,null,SP4S1,plaid3_04,plaid3_03,True,False
2015-04-16 10:43:26.203000,null,SP4S1,plaid3_04,plaid3_03,True,False
2015-04-16 10:43:26.302000,null,SP4S1,plaid3_04,plaid3_03,True,False
2015-04-16 10:43:26.402000,null,SP4S1,plaid3_04,plaid3_03,True,False
2015-04-16 10:43:26.502000,null,SP4S1,plaid3_04,plaid3_03,True,False
2015-04-16 10:43:26.604000,null,SP4S1,plaid3_04,plaid3_03,True,False
2015-04-16 10:43:26.702000,null,SP4S1,plaid3_04,plaid3_03,True,False
2015-04-16 10:43:26.802000,null,SP4S1,plaid3_04,plaid3_03,True,False
2015-04-16 10:43:26.902000,null,SP4S1,plaid3_04,plaid3_03,True,False
2015-04-16 10:43:27.002000,null,SP4S1,plaid3_04,plaid3_03,True,False
2015-04-16 10:43:27.103000,null,SP4S1,plaid3_04,plaid3_03,True,False
2015-04-16 10:43:27.202000,null,SP4S1,plaid3_04,plaid3_03,True,False
2015-04-16 10:43:29.601000,null,SP4S1,plaid3_16,plaid3_04,True,False
2015-04-16 10:43:29.701000,null,SP4S1,plaid3_16,plaid3_04,True,False
2015-04-16 10:43:29.800000,null,SP4S1,plaid3_16,plaid3_04,True,False
2015-04-16 10:43:29.900000,null,SP4S1,plaid3_16,plaid3_04,True,False
2015-04-16 10:43:30.399000,null,SP4S1,plaid3_16,plaid3_04,False,True
2015-04-16 10:43:30.699000,null,SP4S1,plaid3_16,plaid3_04,True,False
2015-04-16 10:43:30.801000,null,SP4S1,plaid3_16,plaid3_04,True,False
2015-04-16 10:43:30.901000,null,SP4S1,plaid3_16,plaid3_04,True,False
2015-04-16 10:43:30.999000,null,SP4S1,plaid3_16,plaid3_04,True,False
2015-04-16 10:43:31.399000,null,SP4S1,plaid3_16,plaid3_04,True,False
2015-04-16 10:43:31.499000,null,SP4S1,plaid3_16,plaid3_04,True,False
2015-04-16 10:43:31.600000,null,SP4S1,plaid3_16,plaid3_04,True,False
2015-04-16 10:43:34.199000,null,SP4S1,plaid3_16,plaid3_04,True,False
2015-04-16 10:43:34.896000,null,SP4S1,plaid3_16,plaid3_04,True,False
2015-04-16 10:43:34.997000,null,SP4S1,plaid3_16,plaid3_04,True,False
2015-04-16 10:43:35.096000,null,SP4S1,plaid3_16,plaid3_04,True,False
2015-04-16 10:43:35.196000,null,SP4S1,plaid3_16,plaid3_04,True,False
2015-04-16 10:43:35.295000,null,SP4S1,plaid3_16,plaid3_04,True,False
2015-04-16 10:43:35.396000,null,SP4S1,plaid3_16,plaid3_04,True,False
2015-04-16 10:43:36.994000,null,SP4S1,plaid3_16,plaid3_04,True,False
2015-04-16 10:43:37.094000,null,SP4S1,plaid3_16,plaid3_04,True,False
2015-04-16 10:43:37.194000,null,SP4S1,plaid3_16,plaid3_04,True,False
2015-04-16 10:43:37.293000,null,SP4S1,plaid3_16,plaid3_04,True,False
2015-04-16 10:43:44.455000,null,SP4S1,plaid3_16,plaid3_04,True,False
2015-04-16 10:43:44.655000,null,SP4S1,plaid3_16,plaid3_04,True,False
2015-04-16 10:43:44.756000,null,SP4S1,plaid3_16,plaid3_04,True,False
2015-04-16 10:43:44.857000,null,SP4S1,plaid3_16,plaid3_04,True,False
2015-04-16 10:43:45.954000,null,SP4S1,plaid3_16,plaid3_04,True,False
2015-04-16 10:43:46.353000,null,SP4S1,plaid3_08,plaid3_04,True,False
2015-04-16 10:43:49.053000,null,SP4S1,plaid3_08,plaid3_04,False,True
2015-04-16 10:43:49.651000,null,SP4S1,plaid3_16,plaid3_04,True,False
2015-04-16 10:43:50.850000,null,SP4S1,plaid3_16,plaid3_04,True,False
2015-04-16 10:43:53.549000,null,SP4S1,plaid3_16,plaid3_04,True,False
2015-04-16 10:43:53.649000,null,SP4S1,plaid3_16,plaid3_04,True,False
2015-04-16 10:43:55.246000,null,SP4S1,plaid3_16,plaid3_04,True,False
2015-04-16 10:43:57.744000,null,SP4S1,plaid3_16,plaid3_04,True,False
2015-04-16 10:43:57.844000,null,SP4S1,plaid3_16,plaid3_04,True,False
2015-04-16 10:43:57.945000,null,SP4S1,plaid3_16,plaid3_04,True,False
2015-04-16 10:43:58.044000,null,SP4S1,plaid3_16,plaid3_04,True,False
2015-04-16 10:43:58.146000,null,SP4S1,plaid3_16,plaid3_04,True,False
2015-04-16 10:43:58.244000,null,SP4S1,plaid3_16,plaid3_04,True,False
2015-04-16 10:43:58.346000,null,SP4S1,plaid3_16,plaid3_04,True,False
2015-04-16 10:43:58.444000,null,SP4S1,plaid3_16,plaid3_04,True,False
2015-04-16 10:43:58.544000,null,SP4S1,plaid3_16,plaid3_04,True,False
2015-04-16 10:43:58.644000,null,SP4S1,plaid3_16,plaid3_04,True,False
2015-04-16 10:44:01.941000,null,SP4S1,plaid3_16,plaid3_04,False,True
2015-04-16 10:44:02.042000,null,SP4S1,plaid3_16,plaid3_04,False,True
2015-04-16 10:44:02.540000,null,SP4S1,plaid3_16,plaid3_04,False,True
2015-04-16 10:44:03.740000,null,SP4S1,plaid3_16,plaid3_04,True,False
2015-04-16 10:44:05.139000,null,SP4S1,plaid3_16,plaid3_08,False,True
2015-04-16 10:44:05.238000,null,SP4S1,plaid3_16,plaid3_08,False,True
2015-04-16 10:44:05.339000,null,SP4S1,plaid3_16,plaid3_08,False,True
2015-04-16 10:44:05.438000,null,SP4S1,plaid3_16,plaid3_08,False,True
2015-04-16 10:44:05.939000,null,SP4S1,plaid3_16,plaid3_08,True,False
2015-04-16 10:44:06.040000,null,SP4S1,plaid3_16,plaid3_08,True,False
2015-04-16 10:44:06.271000,null,SP4S1,plaid3_16,plaid3_08,True,False
2015-04-16 10:44:06.371000,null,SP4S1,plaid3_16,plaid3_08,True,False
2015-04-16 10:44:06.471000,null,SP4S1,plaid3_16,plaid3_08,True,False
2015-04-16 10:44:06.570000,null,SP4S1,plaid3_16,plaid3_08,True,False
2015-04-16 10:44:06.672000,null,SP4S1,plaid3_16,plaid3_08,True,False
2015-04-16 10:44:06.772000,null,SP4S1,plaid3_16,plaid3_08,True,False
2015-04-16 10:44:07.270000,null,SP4S1,plaid3_16,plaid3_08,True,False
2015-04-16 10:44:08.569000,null,SP4S1,plaid3_16,plaid3_08,True,False
2015-04-16 10:44:08.669000,null,SP4S1,plaid3_16,plaid3_08,True,False
2015-04-16 10:44:08.770000,null,SP4S1,plaid3_16,plaid3_08,True,False
2015-04-16 10:44:09.169000,null,SP4S1,plaid3_16,plaid3_08,False,True
2015-04-16 10:44:09.468000,null,SP4S1,plaid3_16,plaid3_08,False,True
2015-04-16 10:44:09.569000,null,SP4S1,plaid3_16,plaid3_08,False,True
2015-04-16 10:44:09.668000,null,SP4S1,plaid3_16,plaid3_08,False,True
2015-04-16 10:44:09.769000,null,SP4S1,plaid3_16,plaid3_08,False,True
2015-04-16 10:44:10.401000,null,SP4S1,plaid3_16,plaid3_08,False,True
2015-04-16 10:44:10.501000,null,SP4S1,plaid3_16,plaid3_08,False,True
2015-04-16 10:44:10.601000,null,SP4S1,plaid3_16,plaid3_08,False,True
2015-04-16 10:44:11.234000,null,SP4S1,plaid3_16,plaid3_08,False,True
2015-04-16 10:44:11.333000,null,SP4S1,plaid3_16,plaid3_08,False,True
2015-04-16 10:44:11.435000,null,SP4S1,plaid3_16,plaid3_08,False,True
2015-04-16 10:44:11.534000,null,SP4S1,plaid3_16,plaid3_08,False,True
2015-04-16 10:44:11.933000,null,SP4S1,plaid3_16,plaid3_08,False,True
2015-04-16 10:44:12.034000,null,SP4S1,plaid3_16,plaid3_08,False,True
2015-04-16 10:44:12.233000,null,SP4S1,plaid3_16,plaid3_08,False,True
2015-04-16 10:44:13.035000,null,SP4S1,plaid3_08,plaid3_15,False,True
2015-04-16 10:44:13.234000,null,SP4S1,plaid3_08,plaid3_15,True,False
2015-04-16 10:44:13.332000,null,SP4S1,plaid3_08,plaid3_15,True,False
2015-04-16 10:44:13.432000,null,SP4S1,plaid3_08,plaid3_15,True,False
2015-04-16 10:44:13.533000,null,SP4S1,plaid3_08,plaid3_15,True,False
2015-04-16 10:44:13.633000,null,SP4S1,plaid3_08,plaid3_15,True,False
2015-04-16 10:44:13.732000,null,SP4S1,plaid3_08,plaid3_15,True,False
2015-04-16 10:44:13.932000,null,SP4S1,plaid3_08,plaid3_15,True,False
2015-04-16 10:44:14.032000,null,SP4S1,plaid3_08,plaid3_15,True,False
2015-04-16 10:44:14.132000,null,SP4S1,plaid3_08,plaid3_15,True,False
2015-04-16 10:44:14.232000,null,SP4S1,plaid3_08,plaid3_15,True,False
2015-04-16 10:44:14.333000,null,SP4S1,plaid3_08,plaid3_15,True,False
2015-04-16 10:44:14.631000,null,SP4S1,plaid3_08,plaid3_15,True,False
2015-04-16 10:44:14.733000,null,SP4S1,plaid3_08,plaid3_15,True,False
2015-04-16 10:44:14.831000,null,SP4S1,plaid3_08,plaid3_15,True,False
2015-04-16 10:44:14.932000,null,SP4S1,plaid3_08,plaid3_15,True,False
2015-04-16 10:44:15.030000,null,SP4S1,plaid3_08,plaid3_15,True,False
2015-04-16 10:44:15.131000,null,SP4S1,plaid3_08,plaid3_15,True,False
2015-04-16 10:44:15.230000,null,SP4S1,plaid3_08,plaid3_15,True,False
2015-04-16 10:44:15.330000,null,SP4S1,plaid3_08,plaid3_15,True,False
2015-04-16 10:44:15.431000,null,SP4S1,plaid3_08,plaid3_15,True,False
2015-04-16 10:44:15.532000,null,SP4S1,plaid3_08,plaid3_15,True,False
2015-04-16 10:44:15.630000,null,SP4S1,plaid3_08,plaid3_15,True,False
2015-04-16 10:44:15.730000,null,SP4S1,plaid3_08,plaid3_15,True,False
2015-04-16 10:44:15.831000,null,SP4S1,plaid3_08,plaid3_15,True,False
2015-04-16 10:44:15.930000,null,SP4S1,plaid3_08,plaid3_15,True,False
2015-04-16 10:44:16.030000,null,SP4S1,plaid3_08,plaid3_15,True,False
2015-04-16 10:44:16.130000,null,SP4S1,plaid3_08,plaid3_15,True,False
2015-04-16 10:44:18.428000,null,SP4S1,plaid3_08,plaid3_15,True,False
2015-04-16 10:44:18.529000,null,SP4S1,plaid3_08,plaid3_15,True,False
2015-04-16 10:44:18.628000,null,SP4S1,plaid3_08,plaid3_15,True,False
2015-04-16 10:44:18.729000,null,SP4S1,plaid3_08,plaid3_15,True,False
2015-04-16 10:44:18.829000,null,SP4S1,plaid3_08,plaid3_15,True,False
2015-04-16 10:44:19.627000,null,SP4S1,plaid3_08,plaid3_15,True,False
2015-04-16 10:44:19.728000,null,SP4S1,plaid3_08,plaid3_15,True,False
2015-04-16 10:44:19.828000,null,SP4S1,plaid3_08,plaid3_15,True,False
2015-04-16 10:44:19.928000,null,SP4S1,plaid3_08,plaid3_15,True,False
2015-04-16 10:44:21.027000,null,SP4S1,plaid3_08,plaid3_15,True,False
2015-04-16 10:44:21.527000,null,SP4S1,plaid3_08,plaid3_15,True,False
2015-04-16 10:44:21.626000,null,SP4S1,plaid3_08,plaid3_15,True,False
2015-04-16 10:44:21.726000,null,SP4S1,plaid3_08,plaid3_15,True,False
2015-04-16 10:44:22.128000,null,SP4S1,plaid3_08,plaid3_15,True,False
2015-04-16 10:44:22.226000,null,SP4S1,plaid3_08,plaid3_15,False,True
2015-04-16 10:44:22.326000,null,SP4S1,plaid3_08,plaid3_15,False,True
2015-04-16 10:44:22.426000,null,SP4S1,plaid3_08,plaid3_15,False,True
2015-04-16 10:44:22.526000,null,SP4S1,plaid3_08,plaid3_15,False,True
2015-04-16 10:44:22.627000,null,SP4S1,plaid3_08,plaid3_15,False,True
2015-04-16 10:44:22.726000,null,SP4S1,plaid3_08,plaid3_15,False,True
2015-04-16 10:44:22.827000,null,SP4S1,plaid3_08,plaid3_15,False,True
2015-04-16 10:44:22.924000,null,SP4S1,plaid3_08,plaid3_15,False,True
2015-04-16 10:44:23.025000,null,SP4S1,plaid3_08,plaid3_15,False,True
2015-04-16 10:44:23.124000,null,SP4S1,plaid3_08,plaid3_15,False,True
2015-04-16 10:44:23.224000,null,SP4S1,plaid3_08,plaid3_15,False,True
2015-04-16 10:44:23.326000,null,SP4S1,plaid3_08,plaid3_15,False,True
2015-04-16 10:44:23.425000,null,SP4S1,plaid3_08,plaid3_15,True,False
2015-04-16 10:44:23.523000,null,SP4S1,plaid3_08,plaid3_15,True,False
2015-04-16 10:44:23.625000,null,SP4S1,plaid3_08,plaid3_15,True,False
2015-04-16 10:44:23.724000,null,SP4S1,plaid3_08,plaid3_15,True,False
2015-04-16 10:44:23.824000,null,SP4S1,plaid3_08,plaid3_15,True,False
2015-04-16 10:44:23.925000,null,SP4S1,plaid3_08,plaid3_15,True,False
2015-04-16 10:44:24.025000,null,SP4S1,plaid3_08,plaid3_15,True,False
2015-04-16 10:44:24.624000,null,SP4S1,plaid3_08,plaid3_15,True,False
2015-04-16 10:44:24.723000,null,SP4S1,plaid3_08,plaid3_15,True,False
2015-04-16 10:44:26.121000,null,SP4S1,plaid3_08,plaid3_15,True,False
2015-04-16 10:44:26.221000,null,SP4S1,plaid3_08,plaid3_15,True,False
2015-04-16 10:44:26.322000,null,SP4S1,plaid3_08,plaid3_15,True,False
2015-04-16 10:44:26.422000,null,SP4S1,plaid3_08,plaid3_15,True,False
2015-04-16 10:44:26.521000,null,SP4S1,plaid3_08,plaid3_15,True,False
2015-04-16 10:44:26.622000,null,SP4S1,plaid3_08,plaid3_15,True,False
2015-04-16 10:44:26.721000,null,SP4S1,plaid3_08,plaid3_15,True,False
2015-04-16 10:44:27.422000,null,SP4S1,plaid3_08,plaid3_15,True,False
2015-04-16 10:44:27.520000,null,SP4S1,plaid3_08,plaid3_15,True,False
2015-04-16 10:44:27.621000,null,SP4S1,plaid3_08,plaid3_15,True,False
2015-04-16 10:44:27.721000,null,SP4S1,plaid3_08,plaid3_15,True,False
2015-04-16 10:44:27.821000,null,SP4S1,plaid3_08,plaid3_15,True,False
2015-04-16 10:44:30.618000,null,SP4S1,plaid3_08,plaid3_15,True,False
2015-04-16 10:44:30.718000,null,SP4S1,plaid3_08,plaid3_15,True,False
2015-04-16 10:44:30.820000,null,SP4S1,plaid3_08,plaid3_15,True,False
2015-04-16 10:44:32.418000,null,SP4S1,plaid3_08,plaid3_07,True,False
2015-04-16 10:44:32.518000,null,SP4S1,plaid3_08,plaid3_07,True,False
2015-04-16 10:44:32.618000,null,SP4S1,plaid3_08,plaid3_07,True,False
2015-04-16 10:44:32.718000,null,SP4S1,plaid3_08,plaid3_07,True,False
2015-04-16 10:44:32.817000,null,SP4S1,plaid3_08,plaid3_07,True,False
2015-04-16 10:44:32.917000,null,SP4S1,plaid3_08,plaid3_07,True,False
2015-04-16 10:44:33.717000,null,SP4S1,plaid3_08,plaid3_07,False,True
2015-04-16 10:44:33.817000,null,SP4S1,plaid3_08,plaid3_07,False,True
2015-04-16 10:44:33.918000,null,SP4S1,plaid3_08,plaid3_07,False,True
2015-04-16 10:44:37.113000,null,SP4S1,plaid3_08,plaid3_07,False,True
2015-04-16 10:44:37.213000,null,SP4S1,plaid3_08,plaid3_07,False,True
2015-04-16 10:44:37.314000,null,SP4S1,plaid3_08,plaid3_07,False,True
2015-04-16 10:44:37.413000,null,SP4S1,plaid3_08,plaid3_07,False,True
2015-04-16 10:44:37.512000,null,SP4S1,plaid3_08,plaid3_07,False,True
2015-04-16 10:44:37.613000,null,SP4S1,plaid3_08,plaid3_07,False,True
2015-04-16 10:44:37.712000,null,SP4S1,plaid3_08,plaid3_07,False,True
2015-04-16 10:44:37.812000,null,SP4S1,plaid3_07,plaid3_05,True,False
2015-04-16 10:44:37.914000,null,SP4S1,plaid3_07,plaid3_05,False,True
2015-04-16 10:44:38.012000,null,SP4S1,plaid3_07,plaid3_05,False,True
2015-04-16 10:44:38.113000,null,SP4S1,plaid3_07,plaid3_05,False,True
2015-04-16 10:44:38.212000,null,SP4S1,plaid3_07,plaid3_05,False,True
2015-04-16 10:44:38.312000,null,SP4S1,plaid3_07,plaid3_05,False,True
2015-04-16 10:44:38.412000,null,SP4S1,plaid3_07,plaid3_05,False,True
2015-04-16 10:44:38.513000,null,SP4S1,plaid3_07,plaid3_05,False,True
2015-04-16 10:44:38.612000,null,SP4S1,plaid3_07,plaid3_05,False,True
2015-04-16 10:44:38.713000,null,SP4S1,plaid3_07,plaid3_05,True,False
2015-04-16 10:44:38.812000,null,SP4S1,plaid3_07,plaid3_05,True,False
2015-04-16 10:44:38.913000,null,SP4S1,plaid3_07,plaid3_05,True,False
2015-04-16 10:44:39.011000,null,SP4S1,plaid3_07,plaid3_05,True,False
2015-04-16 10:44:39.311000,null,SP4S1,plaid3_07,plaid3_05,True,False
2015-04-16 10:44:39.412000,null,SP4S1,plaid3_07,plaid3_05,True,False
2015-04-16 10:44:39.511000,null,SP4S1,plaid3_07,plaid3_05,True,False
2015-04-16 10:44:39.613000,null,SP4S1,plaid3_07,plaid3_05,True,False
2015-04-16 10:44:39.713000,null,SP4S1,plaid3_07,plaid3_05,True,False
2015-04-16 10:44:39.812000,null,SP4S1,plaid3_07,plaid3_05,True,False
2015-04-16 10:44:39.911000,null,SP4S1,plaid3_07,plaid3_05,True,False
2015-04-16 10:44:40.011000,null,SP4S1,plaid3_07,plaid3_05,True,False
2015-04-16 10:44:40.110000,null,SP4S1,plaid3_07,plaid3_05,True,False
2015-04-16 10:44:40.211000,null,SP4S1,plaid3_07,plaid3_05,True,False
2015-04-16 10:44:40.312000,null,SP4S1,plaid3_07,plaid3_05,True,False
2015-04-16 10:44:40.410000,null,SP4S1,plaid3_07,plaid3_05,True,False
2015-04-16 10:44:40.510000,null,SP4S1,plaid3_07,plaid3_05,True,False
2015-04-16 10:44:40.612000,null,SP4S1,plaid3_07,plaid3_05,True,False
2015-04-16 10:44:40.710000,null,SP4S1,plaid3_07,plaid3_05,True,False
2015-04-16 10:44:40.811000,null,SP4S1,plaid3_07,plaid3_05,False,True
2015-04-16 10:44:41.310000,null,SP4S1,plaid3_07,plaid3_05,False,True
2015-04-16 10:44:41.409000,null,SP4S1,plaid3_07,plaid3_05,False,True
2015-04-16 10:44:41.509000,null,SP4S1,plaid3_07,plaid3_05,False,True
2015-04-16 10:44:41.612000,null,SP4S1,plaid3_07,plaid3_05,False,True
2015-04-16 10:44:41.711000,null,SP4S1,plaid3_07,plaid3_05,False,True
2015-04-16 10:44:41.809000,null,SP4S1,plaid3_07,plaid3_05,False,True
2015-04-16 10:44:41.909000,null,SP4S1,plaid3_07,plaid3_05,False,True
2015-04-16 10:44:42.011000,null,SP4S1,plaid3_07,plaid3_05,False,True
2015-04-16 10:44:42.112000,null,SP4S1,plaid3_07,plaid3_05,False,True
2015-04-16 10:44:42.211000,null,SP4S1,plaid3_07,plaid3_05,False,True
2015-04-16 10:44:42.310000,null,SP4S1,plaid3_07,plaid3_05,False,True
2015-04-16 10:44:42.411000,null,SP4S1,plaid3_07,plaid3_05,False,True
2015-04-16 10:44:42.511000,null,SP4S1,plaid3_07,plaid3_05,False,True
2015-04-16 10:44:42.610000,null,SP4S1,plaid3_07,plaid3_05,False,True
2015-04-16 10:44:42.709000,null,SP4S1,plaid3_07,plaid3_05,False,True
2015-04-16 10:44:42.810000,null,SP4S1,plaid3_07,plaid3_05,False,True
2015-04-16 10:44:42.908000,null,SP4S1,plaid3_07,plaid3_05,False,True
2015-04-16 10:44:43.008000,null,SP4S1,plaid3_07,plaid3_05,False,True
2015-04-16 10:44:43.110000,null,SP4S1,plaid3_07,plaid3_05,False,True
2015-04-16 10:44:43.209000,null,SP4S1,plaid3_07,plaid3_05,False,True
2015-04-16 10:44:43.309000,null,SP4S1,plaid3_07,plaid3_05,False,True
2015-04-16 10:44:43.410000,null,SP4S1,plaid3_07,plaid3_05,False,True
2015-04-16 10:44:43.510000,null,SP4S1,plaid3_07,plaid3_05,False,True
2015-04-16 10:44:43.612000,null,SP4S1,plaid3_07,plaid3_05,False,True
2015-04-16 10:44:43.709000,null,SP4S1,plaid3_07,plaid3_05,False,True
2015-04-16 10:44:43.812000,null,SP4S1,plaid3_07,plaid3_05,False,True
2015-04-16 10:44:43.909000,null,SP4S1,plaid3_01,plaid3_05,False,True
2015-04-16 10:44:44.009000,null,SP4S1,plaid3_01,plaid3_05,False,True
2015-04-16 10:44:44.108000,null,SP4S1,plaid3_01,plaid3_05,False,True
2015-04-16 10:44:44.207000,null,SP4S1,plaid3_01,plaid3_05,False,True
2015-04-16 10:44:44.307000,null,SP4S1,plaid3_01,plaid3_05,False,True
2015-04-16 10:44:44.407000,null,SP4S1,plaid3_01,plaid3_05,False,True
2015-04-16 10:44:44.509000,null,SP4S1,plaid3_01,plaid3_05,False,True
2015-04-16 10:44:44.606000,null,SP4S1,plaid3_01,plaid3_05,False,True
2015-04-16 10:44:47.138000,null,SP4S1,plaid3_06,plaid3_05,False,True
2015-04-16 10:44:47.238000,null,SP4S1,plaid3_06,plaid3_05,False,True
2015-04-16 10:44:47.339000,null,SP4S1,plaid3_06,plaid3_05,False,True
2015-04-16 10:44:47.439000,null,SP4S1,plaid3_06,plaid3_05,False,True
2015-04-16 10:44:47.539000,null,SP4S1,plaid3_06,plaid3_05,False,True
2015-04-16 10:44:47.638000,null,SP4S1,plaid3_06,plaid3_05,False,True
2015-04-16 10:44:48.538000,null,SP4S1,plaid3_06,plaid3_05,True,False
2015-04-16 10:44:49.438000,null,SP4S1,plaid3_06,plaid3_05,False,True
2015-04-16 10:44:49.537000,null,SP4S1,plaid3_06,plaid3_05,False,True
2015-04-16 10:44:49.636000,null,SP4S1,plaid3_06,plaid3_05,False,True
2015-04-16 10:44:49.737000,null,SP4S1,plaid3_06,plaid3_05,False,True
2015-04-16 10:45:10.320000,null,SP4S1,plaid3_08,plaid3_16,True,False
2015-04-16 10:45:10.422000,null,SP4S1,plaid3_08,plaid3_16,True,False
2015-04-16 10:45:10.520000,null,SP4S1,plaid3_08,plaid3_16,True,False
2015-04-16 10:45:12.219000,null,SP4S1,plaid3_08,plaid3_16,False,True
2015-04-16 10:45:12.320000,null,SP4S1,plaid3_08,plaid3_16,False,True
2015-04-16 10:45:12.419000,null,SP4S1,plaid3_08,plaid3_16,False,True
2015-04-16 10:45:12.519000,null,SP4S1,plaid3_08,plaid3_16,False,True
2015-04-16 10:45:12.619000,null,SP4S1,plaid3_08,plaid3_16,False,True
2015-04-16 10:45:12.720000,null,SP4S1,plaid3_08,plaid3_16,False,True
2015-04-16 10:45:13.318000,null,SP4S1,plaid3_08,plaid3_16,False,True
2015-04-16 10:45:13.417000,null,SP4S1,plaid3_08,plaid3_16,False,True
2015-04-16 10:45:13.919000,null,SP4S1,plaid3_08,plaid3_16,False,True
2015-04-16 10:45:14.017000,null,SP4S1,plaid3_08,plaid3_16,False,True
2015-04-16 10:45:14.118000,null,SP4S1,plaid3_08,plaid3_16,False,True
2015-04-16 10:45:15.517000,null,SP4S1,plaid3_08,plaid3_16,True,False
2015-04-16 10:45:15.617000,null,SP4S1,plaid3_08,plaid3_16,True,False
2015-04-16 10:45:16.415000,null,SP4S1,plaid3_08,plaid3_16,True,False
2015-04-16 10:45:17.816000,null,SP4S1,plaid3_08,plaid3_12,False,True
2015-04-16 10:45:17.914000,null,SP4S1,plaid3_08,plaid3_12,False,True
2015-04-16 10:45:18.014000,null,SP4S1,plaid3_08,plaid3_12,False,True
2015-04-16 10:45:18.114000,null,SP4S1,plaid3_08,plaid3_12,False,True
2015-04-16 10:45:20.813000,null,SP4S1,plaid3_08,plaid3_12,False,True
2015-04-16 10:45:21.112000,null,SP4S1,plaid3_08,plaid3_12,False,True
2015-04-16 10:45:21.345000,null,SP4S1,plaid3_08,plaid3_12,False,True
2015-04-16 10:45:21.446000,null,SP4S1,plaid3_08,plaid3_12,False,True
2015-04-16 10:45:21.548000,null,SP4S1,plaid3_08,plaid3_12,False,True
2015-04-16 10:45:22.744000,null,SP4S1,plaid3_12,plaid3_16,False,True
2015-04-16 10:45:23.145000,null,SP4S1,plaid3_12,plaid3_16,True,False
2015-04-16 10:45:23.243000,null,SP4S1,plaid3_12,plaid3_16,True,False
2015-04-16 10:45:24.142000,null,SP4S1,plaid3_12,plaid3_16,False,True
2015-04-16 10:45:24.245000,null,SP4S1,plaid3_12,plaid3_16,False,True
2015-04-16 10:45:24.342000,null,SP4S1,plaid3_12,plaid3_16,False,True
2015-04-16 10:45:24.842000,null,SP4S1,plaid3_12,plaid3_16,True,False
2015-04-16 10:45:28.539000,null,SP4S1,plaid3_12,plaid3_16,True,False
2015-04-16 10:45:28.638000,null,SP4S1,plaid3_12,plaid3_16,True,False
2015-04-16 10:45:28.740000,null,SP4S1,plaid3_12,plaid3_16,True,False
2015-04-16 10:45:29.571000,null,SP4S1,plaid3_12,plaid3_16,True,False
2015-04-16 10:45:30.472000,null,SP4S1,plaid3_12,plaid3_11,False,True
2015-04-16 10:45:35.268000,null,SP4S1,plaid3_11,plaid3_15,False,True
2015-04-16 10:45:35.367000,null,SP4S1,plaid3_11,plaid3_15,False,True
2015-04-16 10:45:35.466000,null,SP4S1,plaid3_11,plaid3_15,False,True
2015-04-16 10:45:35.567000,null,SP4S1,plaid3_11,plaid3_15,False,True
2015-04-16 10:45:35.667000,null,SP4S1,plaid3_11,plaid3_15,False,True
2015-04-16 10:45:38.965000,null,SP4S1,plaid3_11,plaid3_15,False,True
2015-04-16 10:45:39.066000,null,SP4S1,plaid3_11,plaid3_15,False,True
2015-04-16 10:45:39.164000,null,SP4S1,plaid3_11,plaid3_15,False,True
2015-04-16 10:45:39.264000,null,SP4S1,plaid3_11,plaid3_15,False,True
2015-04-16 10:45:39.363000,null,SP4S1,plaid3_11,plaid3_15,False,True
2015-04-16 10:45:39.463000,null,SP4S1,plaid3_11,plaid3_15,False,True
2015-04-16 10:45:40.265000,null,SP4S1,plaid3_11,plaid3_15,True,False
2015-04-16 10:45:40.364000,null,SP4S1,plaid3_11,plaid3_15,True,False
2015-04-16 10:45:41.064000,null,SP4S1,plaid3_11,plaid3_15,True,False
2015-04-16 10:46:51.474000,null,SP4S1,plaid4_02,plaid4_06,True,False
2015-04-16 10:46:51.773000,null,SP4S1,plaid4_02,plaid4_06,False,True
2015-04-16 10:46:52.074000,null,SP4S1,plaid4_02,plaid4_06,False,True
2015-04-16 10:46:52.174000,null,SP4S1,plaid4_02,plaid4_06,False,True
2015-04-16 10:46:52.272000,null,SP4S1,plaid4_02,plaid4_06,False,True
2015-04-16 10:46:52.472000,null,SP4S1,plaid4_02,plaid4_06,True,False
2015-04-16 10:46:53.571000,null,SP4S1,plaid4_02,plaid4_06,True,False
2015-04-16 10:46:53.771000,null,SP4S1,plaid4_02,plaid4_06,True,False
2015-04-16 10:46:53.872000,null,SP4S1,plaid4_02,plaid4_06,False,True
2015-04-16 10:46:53.971000,null,SP4S1,plaid4_02,plaid4_06,False,True
2015-04-16 10:46:54.071000,null,SP4S1,plaid4_02,plaid4_06,False,True
2015-04-16 10:46:54.172000,null,SP4S1,plaid4_02,plaid4_06,False,True
2015-04-16 10:46:54.271000,null,SP4S1,plaid4_02,plaid4_06,False,True
2015-04-16 10:46:56.269000,null,SP4S1,plaid4_02,plaid4_06,False,True
2015-04-16 10:46:56.369000,null,SP4S1,plaid4_02,plaid4_06,False,True
2015-04-16 10:46:58.368000,null,SP4S1,plaid4_02,plaid4_06,True,False
2015-04-16 10:47:00.866000,null,SP4S1,plaid4_02,plaid4_06,False,True
2015-04-16 10:47:00.966000,null,SP4S1,plaid4_02,plaid4_06,False,True
2015-04-16 10:47:01.067000,null,SP4S1,plaid4_02,plaid4_06,False,True
2015-04-16 10:47:03.064000,null,SP4S1,plaid4_14,plaid4_02,False,True
2015-04-16 10:47:03.163000,null,SP4S1,plaid4_14,plaid4_02,False,True
2015-04-16 10:47:03.263000,null,SP4S1,plaid4_14,plaid4_02,False,True
2015-04-16 10:47:03.364000,null,SP4S1,plaid4_14,plaid4_02,False,True
2015-04-16 10:47:03.664000,null,SP4S1,plaid4_14,plaid4_02,False,True
2015-04-16 10:47:04.263000,null,SP4S1,plaid4_14,plaid4_02,False,True
2015-04-16 10:47:04.362000,null,SP4S1,plaid4_14,plaid4_02,False,True
2015-04-16 10:47:04.462000,null,SP4S1,plaid4_14,plaid4_02,False,True
2015-04-16 10:47:04.563000,null,SP4S1,plaid4_14,plaid4_02,False,True
2015-04-16 10:47:04.663000,null,SP4S1,plaid4_14,plaid4_02,False,True
2015-04-16 10:47:04.765000,null,SP4S1,plaid4_14,plaid4_02,False,True
2015-04-16 10:47:04.863000,null,SP4S1,plaid4_14,plaid4_02,False,True
2015-04-16 10:47:04.962000,null,SP4S1,plaid4_14,plaid4_02,False,True
2015-04-16 10:47:05.064000,null,SP4S1,plaid4_14,plaid4_02,False,True
2015-04-16 10:47:05.163000,null,SP4S1,plaid4_14,plaid4_02,False,True
2015-04-16 10:47:05.463000,null,SP4S1,plaid4_14,plaid4_02,True,False
2015-04-16 10:47:09.759000,null,SP4S1,plaid4_14,plaid4_06,False,True
2015-04-16 10:47:12.256000,null,SP4S1,plaid4_14,plaid4_06,False,True
2015-04-16 10:47:12.358000,null,SP4S1,plaid4_14,plaid4_06,False,True
2015-04-16 10:47:12.456000,null,SP4S1,plaid4_14,plaid4_06,False,True
2015-04-16 10:47:12.556000,null,SP4S1,plaid4_14,plaid4_06,False,True
2015-04-16 10:47:15.989000,null,SP4S1,plaid4_14,plaid4_06,False,True
2015-04-16 10:47:16.087000,null,SP4S1,plaid4_14,plaid4_06,False,True
2015-04-16 10:47:16.188000,null,SP4S1,plaid4_14,plaid4_06,False,True
2015-04-16 10:47:16.287000,null,SP4S1,plaid4_14,plaid4_06,False,True
2015-04-16 10:47:16.386000,null,SP4S1,plaid4_14,plaid4_06,False,True
2015-04-16 10:47:16.487000,null,SP4S1,plaid4_14,plaid4_06,False,True
2015-04-16 10:47:16.586000,null,SP4S1,plaid4_14,plaid4_06,False,True
2015-04-16 10:47:16.686000,null,SP4S1,plaid4_14,plaid4_06,False,True
2015-04-16 10:47:16.786000,null,SP4S1,plaid4_14,plaid4_06,False,True
2015-04-16 10:47:16.886000,null,SP4S1,plaid4_14,plaid4_06,False,True
2015-04-16 10:47:16.986000,null,SP4S1,plaid4_14,plaid4_06,False,True
2015-04-16 10:47:17.087000,null,SP4S1,plaid4_14,plaid4_06,False,True
2015-04-16 10:47:17.187000,null,SP4S1,plaid4_14,plaid4_06,False,True
2015-04-16 10:47:17.286000,null,SP4S1,plaid4_14,plaid4_06,False,True
2015-04-16 10:47:17.386000,null,SP4S1,plaid4_14,plaid4_06,False,True
2015-04-16 10:47:17.486000,null,SP4S1,plaid4_14,plaid4_06,False,True
2015-04-16 10:47:17.587000,null,SP4S1,plaid4_14,plaid4_06,False,True
2015-04-16 10:47:17.685000,null,SP4S1,plaid4_14,plaid4_06,False,True
2015-04-16 10:47:17.786000,null,SP4S1,plaid4_14,plaid4_06,False,True
2015-04-16 10:47:17.885000,null,SP4S1,plaid4_14,plaid4_06,False,True
2015-04-16 10:47:17.985000,null,SP4S1,plaid4_14,plaid4_06,False,True
2015-04-16 10:47:18.086000,null,SP4S1,plaid4_14,plaid4_06,False,True
2015-04-16 10:47:18.184000,null,SP4S1,plaid4_14,plaid4_06,False,True
2015-04-16 10:47:18.285000,null,SP4S1,plaid4_14,plaid4_06,False,True
2015-04-16 10:47:18.487000,null,SP4S1,plaid4_14,plaid4_06,False,True
2015-04-16 10:47:18.586000,null,SP4S1,plaid4_14,plaid4_06,False,True
2015-04-16 10:47:18.686000,null,SP4S1,plaid4_14,plaid4_06,False,True
2015-04-16 10:47:18.785000,null,SP4S1,plaid4_14,plaid4_06,False,True
2015-04-16 10:47:19.085000,null,SP4S1,plaid4_14,plaid4_06,False,True
2015-04-16 10:47:19.186000,null,SP4S1,plaid4_14,plaid4_06,False,True
2015-04-16 10:47:19.284000,null,SP4S1,plaid4_14,plaid4_06,False,True
2015-04-16 10:47:19.385000,null,SP4S1,plaid4_14,plaid4_06,False,True
2015-04-16 10:47:19.484000,null,SP4S1,plaid4_14,plaid4_06,False,True
2015-04-16 10:47:24.048000,null,SP4S1,plaid4_14,plaid4_06,False,True
2015-04-16 10:47:24.148000,null,SP4S1,plaid4_14,plaid4_06,False,True
2015-04-16 10:47:24.247000,null,SP4S1,plaid4_14,plaid4_06,False,True
2015-04-16 10:47:24.347000,null,SP4S1,plaid4_14,plaid4_06,False,True
2015-04-16 10:47:24.446000,null,SP4S1,plaid4_14,plaid4_06,False,True
2015-04-16 10:47:24.546000,null,SP4S1,plaid4_14,plaid4_06,False,True
2015-04-16 10:47:24.646000,null,SP4S1,plaid4_14,plaid4_06,False,True
2015-04-16 10:47:24.747000,null,SP4S1,plaid4_14,plaid4_06,False,True
2015-04-16 10:47:24.847000,null,SP4S1,plaid4_14,plaid4_06,False,True
2015-04-16 10:47:24.947000,null,SP4S1,plaid4_14,plaid4_06,False,True
2015-04-16 10:47:36.672000,null,SP4S1,plaid4_02,plaid4_10,True,False
2015-04-16 10:47:38.070000,null,SP4S1,plaid4_02,plaid4_10,True,False
2015-04-16 10:47:43,null,SP4S1,plaid4_01,plaid4_02,False,True
2015-04-16 10:47:43.098000,null,SP4S1,plaid4_01,plaid4_02,False,True
2015-04-16 10:47:43.200000,null,SP4S1,plaid4_01,plaid4_02,False,True
2015-04-16 10:47:43.298000,null,SP4S1,plaid4_01,plaid4_02,False,True
2015-04-16 10:47:43.398000,null,SP4S1,plaid4_01,plaid4_02,False,True
2015-04-16 10:47:44.797000,null,SP4S1,plaid4_01,plaid4_02,True,False
2015-04-16 10:47:45.897000,null,SP4S1,plaid4_01,plaid4_02,False,True
2015-04-16 10:47:45.996000,null,SP4S1,plaid4_01,plaid4_02,False,True
2015-04-16 10:47:46.096000,null,SP4S1,plaid4_01,plaid4_02,False,True
2015-04-16 10:47:46.198000,null,SP4S1,plaid4_01,plaid4_02,True,False
2015-04-16 10:47:46.298000,null,SP4S1,plaid4_01,plaid4_02,True,False
2015-04-16 10:47:46.396000,null,SP4S1,plaid4_01,plaid4_02,True,False
2015-04-16 10:47:46.496000,null,SP4S1,plaid4_01,plaid4_02,True,False
2015-04-16 10:47:52.191000,null,SP4S1,plaid4_01,plaid4_02,True,False
2015-04-16 10:47:52.391000,null,SP4S1,plaid4_01,plaid4_02,True,False
2015-04-16 10:47:52.492000,null,SP4S1,plaid4_01,plaid4_02,True,False
2015-04-16 10:47:52.591000,null,SP4S1,plaid4_01,plaid4_02,True,False
2015-04-16 10:47:52.691000,null,SP4S1,plaid4_01,plaid4_02,True,False
2015-04-16 10:47:52.791000,null,SP4S1,plaid4_01,plaid4_02,True,False
2015-04-16 10:47:54.190000,null,SP4S1,plaid4_01,plaid4_02,True,False
2015-04-16 10:47:54.289000,null,SP4S1,plaid4_01,plaid4_02,True,False
2015-04-16 10:47:54.390000,null,SP4S1,plaid4_01,plaid4_02,True,False
2015-04-16 10:47:56.588000,null,SP4S1,plaid4_01,plaid4_02,True,False
2015-04-16 10:47:56.688000,null,SP4S1,plaid4_01,plaid4_02,True,False
2015-04-16 10:47:56.789000,null,SP4S1,plaid4_01,plaid4_02,True,False
2015-04-16 10:47:59.585000,null,SP4S1,plaid4_09,plaid4_01,True,False
2015-04-16 10:47:59.686000,null,SP4S1,plaid4_09,plaid4_01,False,True
2015-04-16 10:47:59.785000,null,SP4S1,plaid4_09,plaid4_01,False,True
2015-04-16 10:47:59.885000,null,SP4S1,plaid4_09,plaid4_01,False,True
2015-04-16 10:47:59.986000,null,SP4S1,plaid4_09,plaid4_01,False,True
2015-04-16 10:48:00.087000,null,SP4S1,plaid4_09,plaid4_01,False,True
2015-04-16 10:48:00.186000,null,SP4S1,plaid4_09,plaid4_01,False,True
2015-04-16 10:48:00.285000,null,SP4S1,plaid4_09,plaid4_01,False,True
2015-04-16 10:48:00.387000,null,SP4S1,plaid4_09,plaid4_01,False,True
2015-04-16 10:48:00.485000,null,SP4S1,plaid4_09,plaid4_01,False,True
2015-04-16 10:48:00.585000,null,SP4S1,plaid4_09,plaid4_01,True,False
2015-04-16 10:48:00.786000,null,SP4S1,plaid4_09,plaid4_01,True,False
2015-04-16 10:48:00.884000,null,SP4S1,plaid4_09,plaid4_01,True,False
2015-04-16 10:48:00.986000,null,SP4S1,plaid4_09,plaid4_01,True,False
2015-04-16 10:48:01.084000,null,SP4S1,plaid4_09,plaid4_01,True,False
2015-04-16 10:48:01.184000,null,SP4S1,plaid4_09,plaid4_01,True,False
2015-04-16 10:48:02.384000,null,SP4S1,plaid4_09,plaid4_01,False,True
2015-04-16 10:48:02.483000,null,SP4S1,plaid4_09,plaid4_01,False,True
2015-04-16 10:48:02.584000,null,SP4S1,plaid4_09,plaid4_01,False,True
2015-04-16 10:48:02.684000,null,SP4S1,plaid4_09,plaid4_01,False,True
2015-04-16 10:48:02.783000,null,SP4S1,plaid4_09,plaid4_01,False,True
2015-04-16 10:48:02.884000,null,SP4S1,plaid4_09,plaid4_01,False,True
2015-04-16 10:48:02.983000,null,SP4S1,plaid4_09,plaid4_01,False,True
2015-04-16 10:48:03.084000,null,SP4S1,plaid4_09,plaid4_01,False,True
2015-04-16 10:48:03.184000,null,SP4S1,plaid4_09,plaid4_01,False,True
2015-04-16 10:48:03.283000,null,SP4S1,plaid4_09,plaid4_01,False,True
2015-04-16 10:48:03.382000,null,SP4S1,plaid4_09,plaid4_01,False,True
2015-04-16 10:48:03.485000,null,SP4S1,plaid4_09,plaid4_01,False,True
2015-04-16 10:48:03.582000,null,SP4S1,plaid4_09,plaid4_01,False,True
2015-04-16 10:48:03.682000,null,SP4S1,plaid4_09,plaid4_01,False,True
2015-04-16 10:48:03.782000,null,SP4S1,plaid4_09,plaid4_01,False,True
2015-04-16 10:48:03.881000,null,SP4S1,plaid4_09,plaid4_01,False,True
2015-04-16 10:48:03.983000,null,SP4S1,plaid4_09,plaid4_01,False,True
2015-04-16 10:48:04.082000,null,SP4S1,plaid4_09,plaid4_01,False,True
2015-04-16 10:48:04.182000,null,SP4S1,plaid4_09,plaid4_01,False,True
2015-04-16 10:48:04.282000,null,SP4S1,plaid4_09,plaid4_01,False,True
2015-04-16 10:48:04.382000,null,SP4S1,plaid4_09,plaid4_01,False,True
2015-04-16 10:48:04.482000,null,SP4S1,plaid4_09,plaid4_01,False,True
2015-04-16 10:48:04.582000,null,SP4S1,plaid4_09,plaid4_01,False,True
2015-04-16 10:48:04.681000,null,SP4S1,plaid4_09,plaid4_01,False,True
2015-04-16 10:48:04.781000,null,SP4S1,plaid4_09,plaid4_01,False,True
2015-04-16 10:48:04.884000,null,SP4S1,plaid4_09,plaid4_01,False,True
2015-04-16 10:48:04.983000,null,SP4S1,plaid4_09,plaid4_01,False,True
2015-04-16 10:48:05.082000,null,SP4S1,plaid4_09,plaid4_01,False,True
2015-04-16 10:48:05.181000,null,SP4S1,plaid4_09,plaid4_01,False,True
2015-04-16 10:48:05.280000,null,SP4S1,plaid4_09,plaid4_01,True,False
2015-04-16 10:48:05.383000,null,SP4S1,plaid4_09,plaid4_01,True,False
2015-04-16 10:48:05.483000,null,SP4S1,plaid4_09,plaid4_01,True,False
2015-04-16 10:48:05.581000,null,SP4S1,plaid4_09,plaid4_01,True,False
2015-04-16 10:48:05.681000,null,SP4S1,plaid4_09,plaid4_01,True,False
2015-04-16 10:48:05.782000,null,SP4S1,plaid4_09,plaid4_01,True,False
2015-04-16 10:48:05.880000,null,SP4S1,plaid4_09,plaid4_01,True,False
2015-04-16 10:48:05.981000,null,SP4S1,plaid4_09,plaid4_01,True,False
2015-04-16 10:48:06.081000,null,SP4S1,plaid4_09,plaid4_01,True,False
2015-04-16 10:48:06.183000,null,SP4S1,plaid4_09,plaid4_01,True,False
2015-04-16 10:48:06.280000,null,SP4S1,plaid4_09,plaid4_01,True,False
2015-04-16 10:48:06.380000,null,SP4S1,plaid4_09,plaid4_01,True,False
2015-04-16 10:48:06.480000,null,SP4S1,plaid4_09,plaid4_01,True,False
2015-04-16 10:48:06.580000,null,SP4S1,plaid4_09,plaid4_01,True,False
2015-04-16 10:48:08.779000,null,SP4S1,plaid4_09,plaid4_01,False,True
2015-04-16 10:48:08.878000,null,SP4S1,plaid4_09,plaid4_01,False,True
2015-04-16 10:48:08.979000,null,SP4S1,plaid4_09,plaid4_01,False,True
2015-04-16 10:48:09.078000,null,SP4S1,plaid4_09,plaid4_01,True,False
2015-04-16 10:48:11.776000,null,SP4S1,plaid4_09,plaid4_01,False,True
2015-04-16 10:48:11.876000,null,SP4S1,plaid4_09,plaid4_01,False,True
2015-04-16 10:48:11.975000,null,SP4S1,plaid4_09,plaid4_01,False,True
2015-04-16 10:48:12.075000,null,SP4S1,plaid4_09,plaid4_01,False,True
2015-04-16 10:48:12.176000,null,SP4S1,plaid4_09,plaid4_01,False,True
2015-04-16 10:48:12.276000,null,SP4S1,plaid4_09,plaid4_01,False,True
2015-04-16 10:48:12.477000,null,SP4S1,plaid4_12,plaid4_01,False,True
2015-04-16 10:48:16.172000,null,SP4S1,plaid4_12,plaid4_01,True,False
2015-04-16 10:48:16.272000,null,SP4S1,plaid4_12,plaid4_01,True,False
2015-04-16 10:48:16.374000,null,SP4S1,plaid4_12,plaid4_01,True,False
2015-04-16 10:48:16.572000,null,SP4S1,plaid4_12,plaid4_01,True,False
2015-04-16 10:48:16.673000,null,SP4S1,plaid4_12,plaid4_01,True,False
2015-04-16 10:48:18.574000,null,SP4S1,plaid4_12,plaid4_01,False,True
2015-04-16 10:48:18.671000,null,SP4S1,plaid4_12,plaid4_01,False,True
2015-04-16 10:48:18.770000,null,SP4S1,plaid4_12,plaid4_01,False,True
2015-04-16 10:48:18.872000,null,SP4S1,plaid4_12,plaid4_01,False,True
2015-04-16 10:48:18.971000,null,SP4S1,plaid4_12,plaid4_01,False,True
2015-04-16 10:48:19.871000,null,SP4S1,plaid4_12,plaid4_01,False,True
2015-04-16 10:48:19.969000,null,SP4S1,plaid4_12,plaid4_01,False,True
2015-04-16 10:48:20.070000,null,SP4S1,plaid4_12,plaid4_01,False,True
2015-04-16 10:48:20.169000,null,SP4S1,plaid4_12,plaid4_01,False,True
2015-04-16 10:48:20.269000,null,SP4S1,plaid4_12,plaid4_01,False,True
2015-04-16 10:48:20.369000,null,SP4S1,plaid4_12,plaid4_01,False,True
2015-04-16 10:48:20.470000,null,SP4S1,plaid4_12,plaid4_01,False,True
2015-04-16 10:48:21.068000,null,SP4S1,plaid4_12,plaid4_01,True,False
2015-04-16 10:48:21.171000,null,SP4S1,plaid4_12,plaid4_01,True,False
2015-04-16 10:48:21.268000,null,SP4S1,plaid4_12,plaid4_01,True,False
2015-04-16 10:48:21.368000,null,SP4S1,plaid4_12,plaid4_01,True,False
2015-04-16 10:48:21.569000,null,SP4S1,plaid4_12,plaid4_01,False,True
2015-04-16 10:48:32.360000,null,SP4S1,plaid4_01,plaid4_03,False,True
2015-04-16 10:48:32.461000,null,SP4S1,plaid4_01,plaid4_03,False,True
2015-04-16 10:48:32.560000,null,SP4S1,plaid4_01,plaid4_03,False,True
2015-04-16 10:48:35.957000,null,SP4S1,plaid4_01,plaid4_03,True,False
2015-04-16 10:48:36.159000,null,SP4S1,plaid4_01,plaid4_03,True,False
2015-04-16 10:48:36.257000,null,SP4S1,plaid4_01,plaid4_03,True,False
2015-04-16 10:48:36.358000,null,SP4S1,plaid4_01,plaid4_03,True,False
2015-04-16 10:48:36.456000,null,SP4S1,plaid4_01,plaid4_03,True,False
2015-04-16 10:48:36.557000,null,SP4S1,plaid4_01,plaid4_03,True,False
2015-04-16 10:48:36.656000,null,SP4S1,plaid4_01,plaid4_03,True,False
2015-04-16 10:48:36.757000,null,SP4S1,plaid4_01,plaid4_03,True,False
2015-04-16 10:48:36.857000,null,SP4S1,plaid4_01,plaid4_03,True,False
2015-04-16 10:48:41.486000,null,SP4S1,plaid4_01,plaid4_03,False,True
2015-04-16 10:48:41.585000,null,SP4S1,plaid4_01,plaid4_03,False,True
2015-04-16 10:48:41.685000,null,SP4S1,plaid4_01,plaid4_03,False,True
2015-04-16 10:48:41.785000,null,SP4S1,plaid4_01,plaid4_03,False,True
2015-04-16 10:48:41.885000,null,SP4S1,plaid4_01,plaid4_03,False,True
2015-04-16 10:48:41.985000,null,SP4S1,plaid4_01,plaid4_03,False,True
2015-04-16 10:48:42.086000,null,SP4S1,plaid4_09,plaid4_03,False,True
2015-04-16 10:48:42.385000,null,SP4S1,plaid4_09,plaid4_03,False,True
2015-04-16 10:48:42.484000,null,SP4S1,plaid4_09,plaid4_03,False,True
2015-04-16 10:48:42.586000,null,SP4S1,plaid4_09,plaid4_03,False,True
2015-04-16 10:48:42.785000,null,SP4S1,plaid4_09,plaid4_03,True,False
2015-04-16 10:48:42.884000,null,SP4S1,plaid4_09,plaid4_03,True,False
2015-04-16 10:48:42.985000,null,SP4S1,plaid4_09,plaid4_03,True,False
2015-04-16 10:48:43.084000,null,SP4S1,plaid4_09,plaid4_03,True,False
2015-04-16 10:48:44.783000,null,SP4S1,plaid4_09,plaid4_03,True,False
2015-04-16 10:48:45.016000,null,SP4S1,plaid4_09,plaid4_03,False,True
2015-04-16 10:48:45.116000,null,SP4S1,plaid4_09,plaid4_03,False,True
2015-04-16 10:48:45.216000,null,SP4S1,plaid4_09,plaid4_03,False,True
2015-04-16 10:48:45.316000,null,SP4S1,plaid4_09,plaid4_03,False,True
2015-04-16 10:48:45.417000,null,SP4S1,plaid4_09,plaid4_03,False,True
2015-04-16 10:48:45.517000,null,SP4S1,plaid4_09,plaid4_03,False,True
2015-04-16 10:48:45.616000,null,SP4S1,plaid4_09,plaid4_03,False,True
2015-04-16 10:48:45.717000,null,SP4S1,plaid4_09,plaid4_03,False,True
2015-04-16 10:48:45.816000,null,SP4S1,plaid4_09,plaid4_03,False,True
2015-04-16 10:48:45.916000,null,SP4S1,plaid4_09,plaid4_03,False,True
2015-04-16 10:48:46.016000,null,SP4S1,plaid4_09,plaid4_03,False,True
2015-04-16 10:48:46.115000,null,SP4S1,plaid4_09,plaid4_03,False,True
2015-04-16 10:48:46.215000,null,SP4S1,plaid4_09,plaid4_03,False,True
2015-04-16 10:48:46.316000,null,SP4S1,plaid4_09,plaid4_03,False,True
2015-04-16 10:48:46.416000,null,SP4S1,plaid4_09,plaid4_03,False,True
2015-04-16 10:48:48.115000,null,SP4S1,plaid4_09,plaid4_03,True,False
2015-04-16 10:48:48.215000,null,SP4S1,plaid4_09,plaid4_03,True,False
2015-04-16 10:48:48.315000,null,SP4S1,plaid4_09,plaid4_03,True,False
2015-04-16 10:48:48.416000,null,SP4S1,plaid4_09,plaid4_03,True,False
2015-04-16 10:48:48.513000,null,SP4S1,plaid4_09,plaid4_03,True,False
2015-04-16 10:48:48.614000,null,SP4S1,plaid4_09,plaid4_03,True,False
2015-04-16 10:48:48.715000,null,SP4S1,plaid4_09,plaid4_03,True,False
2015-04-16 10:48:48.815000,null,SP4S1,plaid4_09,plaid4_03,False,True
2015-04-16 10:48:48.915000,null,SP4S1,plaid4_09,plaid4_03,False,True
2015-04-16 10:48:49.013000,null,SP4S1,plaid4_09,plaid4_03,False,True
2015-04-16 10:48:49.114000,null,SP4S1,plaid4_09,plaid4_03,False,True
2015-04-16 10:48:49.214000,null,SP4S1,plaid4_09,plaid4_03,False,True
2015-04-16 10:48:49.313000,null,SP4S1,plaid4_09,plaid4_03,True,False
2015-04-16 10:48:49.412000,null,SP4S1,plaid4_09,plaid4_03,True,False
2015-04-16 10:48:49.514000,null,SP4S1,plaid4_09,plaid4_03,True,False
2015-04-16 10:48:49.615000,null,SP4S1,plaid4_09,plaid4_03,True,False
2015-04-16 10:48:49.713000,null,SP4S1,plaid4_09,plaid4_03,True,False
2015-04-16 10:48:49.813000,null,SP4S1,plaid4_09,plaid4_03,True,False
2015-04-16 10:48:49.913000,null,SP4S1,plaid4_09,plaid4_03,True,False
2015-04-16 10:48:50.012000,null,SP4S1,plaid4_09,plaid4_03,True,False
2015-04-16 10:48:50.112000,null,SP4S1,plaid4_09,plaid4_03,True,False
2015-04-16 10:48:50.212000,null,SP4S1,plaid4_09,plaid4_03,True,False
2015-04-16 10:48:50.312000,null,SP4S1,plaid4_09,plaid4_03,True,False
2015-04-16 10:48:50.411000,null,SP4S1,plaid4_09,plaid4_03,True,False
2015-04-16 10:48:50.511000,null,SP4S1,plaid4_09,plaid4_03,True,False
2015-04-16 10:48:50.612000,null,SP4S1,plaid4_09,plaid4_03,True,False
2015-04-16 10:49:05.036000,null,SP4S1,plaid4_09,plaid4_03,True,False
2015-04-16 10:49:05.135000,null,SP4S1,plaid4_09,plaid4_03,True,False
2015-04-16 10:49:14.460000,null,SP4S1,plaid4_02,plaid4_10,True,False
2015-04-16 10:49:14.861000,null,SP4S1,plaid4_02,plaid4_10,True,False
2015-04-16 10:49:14.959000,null,SP4S1,plaid4_02,plaid4_10,True,False
2015-04-16 10:49:15.058000,null,SP4S1,plaid4_02,plaid4_10,True,False
2015-04-16 10:49:18.691000,null,SP4S1,plaid4_02,plaid4_10,True,False
2015-04-16 10:49:29.581000,null,SP4S1,plaid4_06,plaid4_10,True,False
2015-04-16 10:49:35.181000,null,SP4S1,plaid4_14,plaid4_10,True,False
2015-04-16 10:49:35.276000,null,SP4S1,plaid4_14,plaid4_10,True,False
2015-04-16 10:49:37.074000,null,SP4S1,plaid4_14,plaid4_10,False,True
2015-04-16 10:49:37.174000,null,SP4S1,plaid4_14,plaid4_10,False,True
2015-04-16 10:49:37.274000,null,SP4S1,plaid4_14,plaid4_10,False,True
2015-04-16 10:49:37.376000,null,SP4S1,plaid4_14,plaid4_10,False,True
2015-04-16 10:49:37.476000,null,SP4S1,plaid4_14,plaid4_10,False,True
2015-04-16 10:49:37.576000,null,SP4S1,plaid4_14,plaid4_10,False,True
2015-04-16 10:49:37.675000,null,SP4S1,plaid4_14,plaid4_10,False,True
2015-04-16 10:49:38.175000,null,SP4S1,plaid4_14,plaid4_10,True,False
2015-04-16 10:49:38.274000,null,SP4S1,plaid4_14,plaid4_10,True,False
2015-04-16 10:49:38.375000,null,SP4S1,plaid4_14,plaid4_10,True,False
2015-04-16 10:49:38.473000,null,SP4S1,plaid4_14,plaid4_10,True,False
2015-04-16 10:49:38.573000,null,SP4S1,plaid4_14,plaid4_10,True,False
2015-04-16 10:49:38.673000,null,SP4S1,plaid4_14,plaid4_10,True,False
2015-04-16 10:49:38.774000,null,SP4S1,plaid4_14,plaid4_10,True,False
2015-04-16 10:49:49.998000,null,SP4S1,plaid4_14,plaid4_10,True,False
2015-04-16 10:49:50.132000,null,SP4S1,plaid4_14,plaid4_10,True,False
2015-04-16 10:49:50.334000,null,SP4S1,plaid4_14,plaid4_10,True,False
2015-04-16 10:50:03.920000,null,SP4S1,plaid4_04,plaid4_01,False,True
2015-04-16 10:50:05.020000,null,SP4S1,plaid4_04,plaid4_01,False,True
2015-04-16 10:50:05.221000,null,SP4S1,plaid4_04,plaid4_01,False,True
2015-04-16 10:50:05.320000,null,SP4S1,plaid4_04,plaid4_01,False,True
2015-04-16 10:50:05.420000,null,SP4S1,plaid4_04,plaid4_01,False,True
2015-04-16 10:50:05.519000,null,SP4S1,plaid4_04,plaid4_01,False,True
2015-04-16 10:50:05.620000,null,SP4S1,plaid4_04,plaid4_01,False,True
2015-04-16 10:50:05.719000,null,SP4S1,plaid4_04,plaid4_01,False,True
2015-04-16 10:50:05.819000,null,SP4S1,plaid4_04,plaid4_01,False,True
2015-04-16 10:50:05.919000,null,SP4S1,plaid4_04,plaid4_01,False,True
2015-04-16 10:50:06.020000,null,SP4S1,plaid4_04,plaid4_01,False,True
2015-04-16 10:50:06.120000,null,SP4S1,plaid4_04,plaid4_01,False,True
2015-04-16 10:50:06.219000,null,SP4S1,plaid4_04,plaid4_01,False,True
2015-04-16 10:50:06.320000,null,SP4S1,plaid4_04,plaid4_01,False,True
2015-04-16 10:50:06.418000,null,SP4S1,plaid4_04,plaid4_01,False,True
2015-04-16 10:50:06.519000,null,SP4S1,plaid4_04,plaid4_01,False,True
2015-04-16 10:50:06.619000,null,SP4S1,plaid4_04,plaid4_01,False,True
2015-04-16 10:50:06.719000,null,SP4S1,plaid4_04,plaid4_01,False,True
2015-04-16 10:50:06.818000,null,SP4S1,plaid4_04,plaid4_01,False,True
2015-04-16 10:50:06.917000,null,SP4S1,plaid4_04,plaid4_01,False,True
2015-04-16 10:50:08.949000,null,SP4S1,plaid4_04,plaid4_01,False,True
2015-04-16 10:50:09.049000,null,SP4S1,plaid4_04,plaid4_01,False,True
2015-04-16 10:50:09.150000,null,SP4S1,plaid4_04,plaid4_01,False,True
2015-04-16 10:50:09.249000,null,SP4S1,plaid4_04,plaid4_01,False,True
2015-04-16 10:50:09.350000,null,SP4S1,plaid4_04,plaid4_01,False,True
2015-04-16 10:50:09.451000,null,SP4S1,plaid4_04,plaid4_01,False,True
2015-04-16 10:50:12.447000,null,SP4S1,plaid4_01,plaid4_13,True,False
2015-04-16 10:50:33.096000,null,SP4S1,plaid4_01,plaid4_05,False,True
2015-04-16 10:50:33.197000,null,SP4S1,plaid4_01,plaid4_05,False,True
2015-04-16 10:50:35.894000,null,SP4S1,plaid4_01,plaid4_05,False,True
2015-04-16 10:50:35.995000,null,SP4S1,plaid4_01,plaid4_05,False,True
2015-04-16 10:50:38.193000,null,SP4S1,plaid4_01,plaid4_05,True,False
2015-04-16 10:50:39.292000,null,SP4S1,plaid4_05,plaid4_09,False,True
2015-04-16 10:50:49.084000,null,SP4S1,plaid4_09,plaid4_13,False,True
2015-04-16 10:50:49.685000,null,SP4S1,plaid4_09,plaid4_13,False,True
2015-04-16 10:50:49.784000,null,SP4S1,plaid4_09,plaid4_13,False,True
2015-04-16 10:50:49.884000,null,SP4S1,plaid4_09,plaid4_13,False,True
2015-04-16 10:51:40.743000,null,SP4S1,plaid4_03,plaid4_11,True,False
2015-04-16 10:51:40.843000,null,SP4S1,plaid4_03,plaid4_11,True,False
2015-04-16 10:52:04.025000,null,SP4S1,plaid4_03,plaid4_11,True,False
2015-04-16 10:52:05.224000,null,SP4S1,plaid4_14,plaid4_15,True,False
2015-04-16 10:52:05.324000,null,SP4S1,plaid4_14,plaid4_15,True,False
2015-04-16 10:52:05.424000,null,SP4S1,plaid4_14,plaid4_15,True,False
2015-04-16 10:52:05.525000,null,SP4S1,plaid4_14,plaid4_15,True,False
2015-04-16 10:52:05.624000,null,SP4S1,plaid4_14,plaid4_15,True,False
2015-04-16 10:52:05.723000,null,SP4S1,plaid4_14,plaid4_15,True,False
2015-04-16 10:52:05.824000,null,SP4S1,plaid4_14,plaid4_15,False,True
2015-04-16 10:52:05.923000,null,SP4S1,plaid4_14,plaid4_15,False,True
2015-04-16 10:52:06.023000,null,SP4S1,plaid4_14,plaid4_15,False,True
2015-04-16 10:52:06.123000,null,SP4S1,plaid4_14,plaid4_15,False,True
2015-04-16 10:52:06.224000,null,SP4S1,plaid4_14,plaid4_15,False,True
2015-04-16 10:52:06.324000,null,SP4S1,plaid4_14,plaid4_15,False,True
2015-04-16 10:52:06.423000,null,SP4S1,plaid4_14,plaid4_15,False,True
2015-04-16 10:52:06.524000,null,SP4S1,plaid4_14,plaid4_15,False,True
2015-04-16 10:52:06.624000,null,SP4S1,plaid4_14,plaid4_15,False,True
2015-04-16 10:52:06.722000,null,SP4S1,plaid4_14,plaid4_15,False,True
2015-04-16 10:52:06.822000,null,SP4S1,plaid4_14,plaid4_15,False,True
2015-04-16 10:52:31.536000,null,SP4S1,plaid4_07,plaid4_03,True,False
2015-04-16 10:52:31.636000,null,SP4S1,plaid4_07,plaid4_03,True,False
2015-04-16 10:52:58.148000,null,SP4S1,plaid4_16,plaid4_12,False,True
2015-04-16 10:52:58.249000,null,SP4S1,plaid4_16,plaid4_12,False,True
2015-04-16 10:52:58.348000,null,SP4S1,plaid4_16,plaid4_12,False,True
2015-04-16 10:52:58.450000,null,SP4S1,plaid4_16,plaid4_12,False,True
2015-04-16 10:53:09.373000,null,SP4S1,plaid4_08,plaid4_04,False,True
2015-04-16 10:53:09.475000,null,SP4S1,plaid4_08,plaid4_04,False,True
2015-04-16 10:53:09.673000,null,SP4S1,plaid4_08,plaid4_04,False,True
2015-04-16 10:53:10.074000,null,SP4S1,plaid4_08,plaid4_04,True,False
2015-04-16 10:53:10.173000,null,SP4S1,plaid4_08,plaid4_04,True,False
2015-04-16 10:55:24.501000,null,SP4S1,easy3_07,easy3_10,True,False
2015-04-16 10:55:24.599000,null,SP4S1,easy3_07,easy3_10,True,False
2015-04-16 10:55:24.698000,null,SP4S1,easy3_07,easy3_10,True,False
2015-04-16 10:55:24.799000,null,SP4S1,easy3_07,easy3_10,True,False
2015-04-16 10:55:24.898000,null,SP4S1,easy3_07,easy3_10,True,False
2015-04-16 10:55:24.998000,null,SP4S1,easy3_07,easy3_10,True,False
2015-04-16 10:55:25.100000,null,SP4S1,easy3_07,easy3_10,True,False
2015-04-16 10:55:27.630000,null,SP4S1,easy3_07,easy3_10,True,False
2015-04-16 10:55:27.729000,null,SP4S1,easy3_07,easy3_10,True,False
2015-04-16 10:55:27.829000,null,SP4S1,easy3_07,easy3_10,True,False
2015-04-16 10:55:27.929000,null,SP4S1,easy3_07,easy3_10,True,False
2015-04-16 10:55:28.030000,null,SP4S1,easy3_07,easy3_10,True,False
2015-04-16 10:55:28.131000,null,SP4S1,easy3_07,easy3_10,True,False
2015-04-16 10:55:28.228000,null,SP4S1,easy3_07,easy3_10,True,False
2015-04-16 10:55:28.329000,null,SP4S1,easy3_07,easy3_10,False,True
2015-04-16 10:55:29.429000,null,SP4S1,easy3_07,easy3_10,True,False
2015-04-16 10:55:29.528000,null,SP4S1,easy3_07,easy3_10,True,False
2015-04-16 10:55:29.629000,null,SP4S1,easy3_07,easy3_10,True,False
2015-04-16 10:55:29.729000,null,SP4S1,easy3_07,easy3_10,True,False
2015-04-16 10:55:29.829000,null,SP4S1,easy3_07,easy3_10,True,False
2015-04-16 10:55:29.929000,null,SP4S1,easy3_07,easy3_10,True,False
2015-04-16 10:55:30.027000,null,SP4S1,easy3_07,easy3_10,True,False
2015-04-16 10:55:30.129000,null,SP4S1,easy3_07,easy3_10,True,False
2015-04-16 10:55:30.227000,null,SP4S1,easy3_07,easy3_10,True,False
2015-04-16 10:55:30.328000,null,SP4S1,easy3_07,easy3_10,True,False
2015-04-16 10:55:30.427000,null,SP4S1,easy3_07,easy3_10,True,False
2015-04-16 10:55:30.528000,null,SP4S1,easy3_07,easy3_10,True,False
2015-04-16 10:55:30.628000,null,SP4S1,easy3_07,easy3_10,True,False
2015-04-16 10:55:30.728000,null,SP4S1,easy3_07,easy3_10,True,False
2015-04-16 10:55:30.829000,null,SP4S1,easy3_07,easy3_10,True,False
2015-04-16 10:55:30.928000,null,SP4S1,easy3_07,easy3_10,True,False
2015-04-16 10:55:31.031000,null,SP4S1,easy3_07,easy3_10,True,False
2015-04-16 10:55:31.127000,null,SP4S1,easy3_07,easy3_10,True,False
2015-04-16 10:55:31.228000,null,SP4S1,easy3_07,easy3_10,True,False
2015-04-16 10:55:40.588000,null,SP4S1,easy3_07,easy3_06,True,False
2015-04-16 10:55:41.386000,null,SP4S1,easy3_07,easy3_06,True,False
2015-04-16 10:55:42.086000,null,SP4S1,easy3_07,easy3_06,False,True
2015-04-16 10:55:45.381000,null,SP4S1,easy3_07,easy3_06,True,False
2015-04-16 10:56:11.662000,null,SP4S1,easy3_05,easy3_10,False,True
2015-04-16 10:56:11.762000,null,SP4S1,easy3_05,easy3_10,False,True
2015-04-16 10:56:22.254000,null,SP4S1,easy3_10,easy3_11,False,True
2015-04-16 10:56:36.741000,null,SP4S1,easy3_13,easy3_09,False,True
2015-04-16 10:56:58.792000,null,SP4S1,easy3_15,easy3_11,True,False
2015-04-16 10:56:58.892000,null,SP4S1,easy3_15,easy3_11,True,False
2015-04-16 10:56:58.990000,null,SP4S1,easy3_15,easy3_11,True,False
2015-04-16 10:56:59.290000,null,SP4S1,easy3_15,easy3_11,True,False
2015-04-16 10:56:59.390000,null,SP4S1,easy3_15,easy3_11,True,False
2015-04-16 10:57:00.224000,null,SP4S1,easy3_15,easy3_11,False,True
2015-04-16 10:57:00.323000,null,SP4S1,easy3_15,easy3_11,False,True
2015-04-16 10:57:07.418000,null,SP4S1,easy3_16,easy3_12,True,False
2015-04-16 10:57:07.518000,null,SP4S1,easy3_16,easy3_12,True,False
2015-04-16 10:57:39.793000,null,SP4S1,plaid7_10,plaid7_06,False,True
2015-04-16 10:57:39.892000,null,SP4S1,plaid7_10,plaid7_06,False,True
2015-04-16 10:57:41.392000,null,SP4S1,plaid7_10,plaid7_06,True,False
2015-04-16 10:57:41.489000,null,SP4S1,plaid7_10,plaid7_06,True,False
2015-04-16 10:57:47.587000,null,SP4S1,plaid7_10,plaid7_06,True,False
2015-04-16 10:57:47.885000,null,SP4S1,plaid7_10,plaid7_06,True,False
2015-04-16 10:57:47.987000,null,SP4S1,plaid7_10,plaid7_06,True,False
2015-04-16 10:57:48.086000,null,SP4S1,plaid7_10,plaid7_06,True,False
2015-04-16 10:57:48.186000,null,SP4S1,plaid7_10,plaid7_06,True,False
2015-04-16 10:57:50.051000,null,SP4S1,plaid7_10,plaid7_06,True,False
2015-04-16 10:57:50.151000,null,SP4S1,plaid7_10,plaid7_06,True,False
2015-04-16 10:57:50.251000,null,SP4S1,plaid7_10,plaid7_06,True,False
2015-04-16 10:57:50.353000,null,SP4S1,plaid7_10,plaid7_06,True,False
2015-04-16 10:57:50.450000,null,SP4S1,plaid7_10,plaid7_06,True,False
2015-04-16 10:57:50.549000,null,SP4S1,plaid7_10,plaid7_06,True,False
2015-04-16 10:57:51.449000,null,SP4S1,plaid7_10,plaid7_06,True,False
2015-04-16 10:57:51.549000,null,SP4S1,plaid7_10,plaid7_06,True,False
2015-04-16 10:57:51.649000,null,SP4S1,plaid7_10,plaid7_06,True,False
2015-04-16 10:57:52.450000,null,SP4S1,plaid7_10,plaid7_06,True,False
2015-04-16 10:57:52.549000,null,SP4S1,plaid7_10,plaid7_06,True,False
2015-04-16 10:57:55.080000,null,SP4S1,plaid7_10,plaid7_06,True,False
2015-04-16 10:57:55.181000,null,SP4S1,plaid7_10,plaid7_06,True,False
2015-04-16 10:57:55.281000,null,SP4S1,plaid7_10,plaid7_06,True,False
2015-04-16 10:57:55.379000,null,SP4S1,plaid7_10,plaid7_06,True,False
2015-04-16 10:57:55.479000,null,SP4S1,plaid7_10,plaid7_06,True,False
2015-04-16 10:57:55.579000,null,SP4S1,plaid7_10,plaid7_06,True,False
2015-04-16 10:57:55.679000,null,SP4S1,plaid7_10,plaid7_06,True,False
2015-04-16 10:57:55.778000,null,SP4S1,plaid7_10,plaid7_06,True,False
2015-04-16 10:57:59.142000,null,SP4S1,plaid7_14,plaid7_10,True,False
2015-04-16 10:57:59.244000,null,SP4S1,plaid7_14,plaid7_10,True,False
2015-04-16 10:58:19.593000,null,SP4S1,plaid7_02,plaid7_06,True,False
2015-04-16 10:58:34.582000,null,SP4S1,plaid7_02,plaid7_03,False,True
2015-04-16 10:58:34.681000,null,SP4S1,plaid7_02,plaid7_03,False,True
2015-04-16 10:58:34.781000,null,SP4S1,plaid7_02,plaid7_03,False,True
2015-04-16 10:58:34.881000,null,SP4S1,plaid7_02,plaid7_03,False,True
2015-04-16 10:58:34.981000,null,SP4S1,plaid7_02,plaid7_03,False,True
2015-04-16 10:58:35.081000,null,SP4S1,plaid7_02,plaid7_03,False,True
2015-04-16 10:58:35.181000,null,SP4S1,plaid7_02,plaid7_03,False,True
2015-04-16 10:58:42.208000,null,SP4S1,plaid7_03,plaid7_07,False,True
2015-04-16 10:58:42.308000,null,SP4S1,plaid7_03,plaid7_07,False,True
2015-04-16 10:58:42.413000,null,SP4S1,plaid7_03,plaid7_07,False,True
2015-04-16 10:58:42.510000,null,SP4S1,plaid7_03,plaid7_07,False,True
2015-04-16 10:58:42.607000,null,SP4S1,plaid7_03,plaid7_07,False,True
2015-04-16 10:58:42.709000,null,SP4S1,plaid7_03,plaid7_07,False,True
2015-04-16 10:58:42.808000,null,SP4S1,plaid7_03,plaid7_07,False,True
2015-04-16 10:58:42.908000,null,SP4S1,plaid7_03,plaid7_07,False,True
2015-04-16 10:58:43.008000,null,SP4S1,plaid7_03,plaid7_07,False,True
2015-04-16 10:58:43.108000,null,SP4S1,plaid7_03,plaid7_07,False,True
2015-04-16 10:58:43.208000,null,SP4S1,plaid7_03,plaid7_07,False,True
2015-04-16 10:58:47.205000,null,SP4S1,plaid7_11,plaid7_07,True,False
2015-04-16 10:58:47.306000,null,SP4S1,plaid7_11,plaid7_07,True,False
2015-04-16 10:59:08.588000,null,SP4S1,plaid7_14,plaid7_13,True,False
2015-04-16 10:59:08.689000,null,SP4S1,plaid7_14,plaid7_13,True,False
2015-04-16 10:59:08.788000,null,SP4S1,plaid7_14,plaid7_13,True,False
2015-04-16 10:59:08.888000,null,SP4S1,plaid7_14,plaid7_13,True,False
2015-04-16 10:59:08.988000,null,SP4S1,plaid7_14,plaid7_13,True,False
2015-04-16 10:59:09.087000,null,SP4S1,plaid7_14,plaid7_13,True,False
2015-04-16 10:59:09.187000,null,SP4S1,plaid7_14,plaid7_13,True,False
2015-04-16 10:59:09.286000,null,SP4S1,plaid7_14,plaid7_13,True,False
2015-04-16 10:59:09.386000,null,SP4S1,plaid7_14,plaid7_13,True,False
2015-04-16 10:59:09.486000,null,SP4S1,plaid7_14,plaid7_13,True,False
2015-04-16 10:59:09.588000,null,SP4S1,plaid7_14,plaid7_13,True,False
2015-04-16 10:59:09.687000,null,SP4S1,plaid7_14,plaid7_13,True,False
2015-04-16 10:59:09.787000,null,SP4S1,plaid7_14,plaid7_13,True,False
2015-04-16 10:59:09.889000,null,SP4S1,plaid7_14,plaid7_13,True,False
2015-04-16 10:59:21.711000,null,SP4S1,plaid7_16,plaid7_12,True,False
2015-04-16 10:59:21.810000,null,SP4S1,plaid7_16,plaid7_12,True,False
2015-04-16 10:59:21.909000,null,SP4S1,plaid7_16,plaid7_12,True,False
2015-04-16 10:59:24.308000,null,SP4S1,plaid7_12,plaid7_08,False,True
2015-04-16 10:59:24.408000,null,SP4S1,plaid7_12,plaid7_08,False,True
2015-04-16 10:59:24.511000,null,SP4S1,plaid7_12,plaid7_08,False,True
2015-04-16 10:59:24.607000,null,SP4S1,plaid7_12,plaid7_08,False,True
2015-04-16 10:59:24.709000,null,SP4S1,plaid7_12,plaid7_08,False,True
2015-04-16 10:59:24.808000,null,SP4S1,plaid7_12,plaid7_08,False,True
2015-04-16 10:59:26.307000,null,SP4S1,plaid7_12,plaid7_08,False,True
2015-04-16 10:59:26.407000,null,SP4S1,plaid7_12,plaid7_08,False,True
2015-04-16 10:59:26.507000,null,SP4S1,plaid7_12,plaid7_08,False,True
2015-04-16 10:59:26.608000,null,SP4S1,plaid7_12,plaid7_08,False,True
2015-04-16 10:59:27.107000,null,SP4S1,plaid7_08,plaid7_04,False,True
2015-04-16 10:59:27.207000,null,SP4S1,plaid7_08,plaid7_04,False,True
2015-04-16 10:59:27.307000,null,SP4S1,plaid7_08,plaid7_04,False,True
2015-04-16 10:59:27.408000,null,SP4S1,plaid7_08,plaid7_04,False,True
2015-04-16 10:59:27.606000,null,SP4S1,plaid7_08,plaid7_04,True,False
2015-04-16 10:59:27.707000,null,SP4S1,plaid7_08,plaid7_04,True,False
2015-04-16 10:59:27.907000,null,SP4S1,plaid7_08,plaid7_04,True,False
2015-04-16 10:59:28.006000,null,SP4S1,plaid7_08,plaid7_04,True,False
2015-04-16 10:59:28.106000,null,SP4S1,plaid7_08,plaid7_04,True,False
2015-04-16 10:59:30.803000,null,SP4S1,plaid7_08,plaid7_04,True,False
2015-04-16 10:59:30.903000,null,SP4S1,plaid7_08,plaid7_04,True,False
