 2015-04-09 16:01:34.534, 1, 0, Test, start 
 2015-04-14 10:08:15.954, 0, 0, SP1S1, start 
 2015-04-14 10:11:05.653, 3, 0, null, start 
 2015-04-14 10:13:19.404, 3,0,null , end, -40
 2015-04-14 10:13:24.406, 3, 1, null, start 
 2015-04-14 10:16:01.235, 3,1,null , end, -90
 2015-04-14 10:16:06.240, 3, 2, null, start 
 2015-04-14 10:22:07.541, 3,2,null , end, -260
 2015-04-14 10:22:12.543, 3, 3, null, start 
 2015-04-14 10:27:32.395, 1, 0, SP1S1, start 
 2015-04-14 10:36:51.328, 1,0,SP1S1 , end, -130
 2015-04-14 10:36:51.683, 1, 1, SP1S1, start 
 2015-04-14 10:36:56.332, 1,1,SP1S1 , end, 0
 2015-04-14 10:36:56.683, 1, 2, SP1S1, start 
 2015-04-14 10:37:01.684, 1,2,SP1S1 , end, 0
 2015-04-14 10:37:06.686, 1, 3, SP1S1, start 
 2015-04-14 10:43:31.038, 2, 0, SP1SP1, start 
 2015-04-14 10:46:23.326, 2,0,SP1SP1 , end, -10
 2015-04-14 10:46:23.679, 2, 1, SP1SP1, start 
 2015-04-14 10:46:28.328, 2,1,SP1SP1 , end, 0
 2015-04-14 10:46:28.680, 2, 2, SP1SP1, start 
 2015-04-14 10:46:33.683, 2,2,SP1SP1 , end, 0
 2015-04-14 10:46:38.686, 2, 3, SP1SP1, start 
 2015-04-14 10:50:48.731, 5, 0, null, start 
 2015-04-14 10:52:05.505, 5,0,null , end, 130
 2015-04-14 10:52:05.930, 5, 1, null, start 
 2015-04-14 10:52:10.516, 5,1,null , end, 0
 2015-04-14 10:52:10.931, 5, 2, null, start 
 2015-04-14 10:52:15.934, 5,2,null , end, 0
 2015-04-14 10:52:20.937, 5, 3, null, start 
 2015-04-14 12:06:05.826, 0, 0, SP2S1, start 
 2015-04-14 12:09:24.180, 1, 0, SP2S1, start 
 2015-04-14 12:16:12.913, 1,0,SP2S1 , end, -560
 2015-04-14 12:16:13.331, 1, 1, SP2S1, start 
 2015-04-14 12:16:17.920, 1,1,SP2S1 , end, 0
 2015-04-14 12:16:18.332, 1, 2, SP2S1, start 
 2015-04-14 12:16:23.334, 1,2,SP2S1 , end, 0
 2015-04-14 12:16:28.338, 1, 3, SP2S1, start 
 2015-04-14 12:28:20.436, 4, 0, SP2S1, start 
 2015-04-14 12:31:30.992, 4,0,SP2S1 , end, 220
 2015-04-14 12:31:31.351, 4, 1, SP2S1, start 
 2015-04-14 12:31:35.994, 4,1,SP2S1 , end, 0
 2015-04-14 12:31:36.354, 4, 2, SP2S1, start 
 2015-04-14 12:31:41.353, 4,2,SP2S1 , end, 0
 2015-04-14 12:31:46.354, 4, 3, SP2S1, start 
 2015-04-14 12:37:00.944, 2, 0, null, start 
 2015-04-14 12:41:18.647, 2,0,null , end, 70
 2015-04-14 12:41:19.149, 2, 1, null, start 
 2015-04-14 12:41:24.150, 2,1,null , end, 0
 2015-04-14 12:41:29.154, 2, 2, null, start 
 2015-04-14 12:47:13.467, 2,2,null , end, -30
 2015-04-14 12:47:13.930, 2, 3, null, start 
 2015-04-14 12:49:54.377, 3, 0, SP2S1, start 
 2015-04-14 12:53:10.746, 3,0,SP2S1 , end, 160
 2015-04-14 12:53:11.227, 3, 1, SP2S1, start 
 2015-04-14 12:53:16.229, 3,1,SP2S1 , end, 0
 2015-04-14 12:53:21.230, 3, 2, SP2S1, start 
 2015-04-14 13:00:50.491, 3,2,SP2S1 , end, -180
 2015-04-14 13:00:55.494, 3, 3, SP2S1, start 
 2015-04-14 16:10:55.123, 0, 0, SP3S1, start 
 2015-04-14 16:13:24.883, 0,0,SP3S1 , end, 0
 2015-04-14 16:13:43.440, 1, 0, null, start 
 2015-04-14 16:15:53.933, 1,0,null , end, 20
 2015-04-14 16:15:54.252, 1, 1, null, start 
 2015-04-14 16:15:58.935, 1,1,null , end, 0
 2015-04-14 16:15:59.254, 1, 2, null, start 
 2015-04-14 16:16:04.255, 1,2,null , end, 0
 2015-04-14 16:16:09.256, 1, 3, null, start 
 2015-04-14 16:21:12.670, 1,3,null , end, 0
 2015-04-14 16:21:12.966, 1,3,null , end, 0
 2015-04-14 16:21:13.079, 1,3,null , end, 0
 2015-04-14 16:21:36.571, 4, 0, SP3S1, start 
 2015-04-14 16:23:08.185, 4,0,SP3S1 , end, 180
 2015-04-14 16:23:08.543, 4, 1, SP3S1, start 
 2015-04-14 16:23:13.188, 4,1,SP3S1 , end, 0
 2015-04-14 16:23:13.544, 4, 2, SP3S1, start 
 2015-04-14 16:23:18.545, 4,2,SP3S1 , end, 0
 2015-04-14 16:23:23.546, 4, 3, SP3S1, start 
 2015-04-14 16:25:30.690, 4,3,SP3S1 , end, 0
 2015-04-14 16:25:31.050, 4,3,SP3S1 , end, 0
 2015-04-14 16:25:31.147, 4,3,SP3S1 , end, 0
 2015-04-14 16:27:56.078, 2, 0, SP3S1, start 
 2015-04-14 16:30:55.343, 2,0,SP3S1 , end, 170
 2015-04-14 16:30:55.661, 2, 1, SP3S1, start 
 2015-04-14 16:31:00.346, 2,1,SP3S1 , end, 0
 2015-04-14 16:31:00.661, 2, 2, SP3S1, start 
 2015-04-14 16:31:05.661, 2,2,SP3S1 , end, 0
 2015-04-14 16:31:10.663, 2, 3, SP3S1, start 
 2015-04-14 16:33:50.115, 2,3,SP3S1 , end, 0
 2015-04-14 16:33:50.477, 2,3,SP3S1 , end, 0
 2015-04-14 16:33:50.480, 2,3,SP3S1 , end, 0
 2015-04-14 16:34:17.641, 5, 0, SP3S1, start 
 2015-04-14 16:35:58.273, 5,0,SP3S1 , end, 230
 2015-04-14 16:35:58.692, 5, 1, SP3S1, start 
 2015-04-14 16:36:03.692, 5,1,SP3S1 , end, 0
 2015-04-14 16:36:08.694, 5, 2, SP3S1, start 
 2015-04-14 16:38:06.699, 3, 0, SP3S1, start 
 2015-04-14 16:39:46.354, 3,0,SP3S1 , end, 180
 2015-04-14 16:39:46.726, 3, 1, SP3S1, start 
 2015-04-14 16:39:51.356, 3,1,SP3S1 , end, 0
 2015-04-14 16:39:51.728, 3, 2, SP3S1, start 
 2015-04-14 16:39:56.728, 3,2,SP3S1 , end, 0
 2015-04-14 16:40:01.730, 3, 3, SP3S1, start 
 2015-04-14 16:44:38.261, 3,3,SP3S1 , end, 0
 2015-04-14 16:44:38.577, 3,3,SP3S1 , end, 0
 2015-04-14 16:44:38.688, 3,3,SP3S1 , end, 0
 2015-04-14 16:45:02.931, 6, 0, SP3S1, start 
 2015-04-14 16:46:36.096, 6,0,SP3S1 , end, 220
 2015-04-14 16:46:36.435, 6, 1, SP3S1, start 
 2015-04-14 16:46:41.097, 6,1,SP3S1 , end, 0
 2015-04-14 16:46:41.437, 6, 2, SP3S1, start 
 2015-04-14 16:46:46.438, 6,2,SP3S1 , end, 0
 2015-04-14 16:46:51.439, 6, 3, SP3S1, start 
 2015-04-14 16:49:18.541, 6,3,SP3S1 , end, 0
 2015-04-14 16:49:18.872, 6,3,SP3S1 , end, 0
 2015-04-14 16:49:18.936, 6,3,SP3S1 , end, 0
 2015-04-14 17:09:18.384, 1, 0, TestJerry, start 
 2015-04-14 17:11:39.778, 1,0,TestJerry , end, 10
 2015-04-14 17:11:40.192, 1, 1, TestJerry, start 
 2015-04-14 17:11:45.196, 1,1,TestJerry , end, 0
 2015-04-14 17:11:50.197, 1, 2, TestJerry, start 
 2015-04-14 17:20:26.933, 1, 0, ZZZ, start 
 2015-04-14 17:22:23.624, 1,0,ZZZ , end, 250
 2015-04-14 17:23:08.675, 1, 1, ZZZ, start 
 2015-04-14 17:25:35.082, 1,1,ZZZ , end, 0
 2015-04-14 17:26:28.472, 1, 2, ZZZ, start 
 2015-04-14 17:28:38.636, 1, 0, TestJerry, start 
 2015-04-14 17:31:04.603, 1,0,TestJerry , end, 180
 2015-04-14 17:31:34.338, 1, 1, TestJerry, start 
 2015-04-14 17:41:22.547, 1, 0, ZZZ, start 
 2015-04-14 17:42:41.623, 1,0,ZZZ , end, 250
 2015-04-14 17:42:46.624, 1, 1, ZZZ, start 
 2015-04-14 17:43:41.225, 1,1,ZZZ , end, 260
 2015-04-14 17:43:46.227, 1, 2, ZZZ, start 
 2015-04-14 17:46:27.569, 1,2,ZZZ , end, 10
 2015-04-14 17:46:32.571, 1, 3, ZZZ, start 
 2015-04-14 17:48:44.323, 1,3,ZZZ , FINISHED TRIAL, 0
 2015-04-16 10:08:22.236, 0, 0, SP4S1, start 
 2015-04-16 10:11:18.487, 3, 0, null, start 
 2015-04-16 10:15:07.017, 3,0,null , end, -170
 2015-04-16 10:15:07.580, 3, 1, null, start 
 2015-04-16 10:15:12.583, 3,1,null , end, 0
 2015-04-16 10:15:17.587, 3, 2, null, start 
 2015-04-16 10:22:12.647, 3,2,null , end, -610
 2015-04-16 10:22:13.133, 3, 3, null, start 
 2015-04-16 10:22:18.135, 3,3,null , FINISHED TRIAL, 0
 2015-04-16 10:22:52.016, 4, 0, null, start 
 2015-04-16 10:23:26.093, 6, 0, SP4S1, start 
 2015-04-16 10:27:05.596, 6,0,SP4S1 , end, -140
 2015-04-16 10:27:06.047, 6, 1, SP4S1, start 
 2015-04-16 10:27:11.049, 6,1,SP4S1 , end, 0
 2015-04-16 10:27:16.052, 6, 2, SP4S1, start 
 2015-04-16 10:34:13.384, 6,2,SP4S1 , end, -530
 2015-04-16 10:34:13.840, 6, 3, SP4S1, start 
 2015-04-16 10:34:18.842, 6,3,SP4S1 , FINISHED TRIAL, 0
 2015-04-16 10:37:44.046, 1, 0, SP4S1, start 
 2015-04-16 10:42:07.629, 1,0,SP4S1 , end, -140
 2015-04-16 10:42:07.865, 1, 1, SP4S1, start 
 2015-04-16 10:42:12.866, 1,1,SP4S1 , end, 0
 2015-04-16 10:42:17.867, 1, 2, SP4S1, start 
 2015-04-16 10:45:59.057, 1,2,SP4S1 , end, 30
 2015-04-16 10:46:04.059, 1, 3, SP4S1, start 
 2015-04-16 10:53:09.935, 1,3,SP4S1 , FINISHED TRIAL, 0
 2015-04-16 10:53:10.363, 1,3,SP4S1 , FINISHED TRIAL, 0
 2015-04-16 10:53:10.413, 1,3,SP4S1 , FINISHED TRIAL, 0
 2015-04-16 10:54:18.089, 2, 0, null, start 
 2015-04-16 10:57:07.410, 2,0,null , end, 110
 2015-04-16 10:57:07.751, 2, 1, null, start 
 2015-04-16 10:57:12.411, 2,1,null , end, 0
 2015-04-16 10:57:12.757, 2, 2, null, start 
 2015-04-16 10:57:17.761, 2,2,null , end, 0
 2015-04-16 10:57:22.762, 2, 3, null, start 
 2015-04-16 10:59:40.899, 2,3,null , FINISHED TRIAL, 0
 2015-04-16 10:59:41.357, 2,3,null , FINISHED TRIAL, 0
 2015-04-16 10:59:41.372, 2,3,null , FINISHED TRIAL, 0
 2015-04-16 11:15:48.777, 0, 0, SP5S1, start 
 2015-04-16 11:18:50.802, 0,0,SP5S1 , FINISHED TRIAL, 0
 2015-04-16 11:18:51.272, 0,0,SP5S1 , FINISHED TRIAL, 0
 2015-04-16 11:18:51.273, 0,0,SP5S1 , FINISHED TRIAL, 0
 2015-04-16 11:19:09.738, 2, 0, null, start 
 2015-04-16 11:22:59.770, 2,0,null , end, -410
 2015-04-16 11:23:00.203, 2, 1, null, start 
 2015-04-16 11:23:04.774, 2,1,null , end, 0
 2015-04-16 11:23:05.212, 2, 2, null, start 
 2015-04-16 11:23:10.219, 2,2,null , end, 0
 2015-04-16 11:23:15.221, 2, 3, null, start 
 2015-04-16 11:29:07.159, 2,3,null , FINISHED TRIAL, 0
 2015-04-16 11:29:41.082, 5, 0, sp5s1, start 
 2015-04-16 11:31:16.341, 5,0,sp5s1 , end, -90
 2015-04-16 11:31:16.625, 5, 1, sp5s1, start 
 2015-04-16 11:31:21.342, 5,1,sp5s1 , end, 0
 2015-04-16 11:31:21.626, 5, 2, sp5s1, start 
 2015-04-16 11:31:26.631, 5,2,sp5s1 , end, 0
 2015-04-16 11:31:31.633, 5, 3, sp5s1, start 
 2015-04-16 11:35:58.606, 5,3,sp5s1 , FINISHED TRIAL, 0
 2015-04-16 11:35:59.106, 5,3,sp5s1 , FINISHED TRIAL, 0
 2015-04-16 11:36:56.906, 3, 0, SP5S1, start 
 2015-04-16 11:38:22.096, 3,0,SP5S1 , end, 90
 2015-04-16 11:38:22.501, 3, 1, SP5S1, start 
 2015-04-16 11:38:27.098, 3,1,SP5S1 , end, 0
 2015-04-16 11:38:27.503, 3, 2, SP5S1, start 
 2015-04-16 11:38:32.505, 3,2,SP5S1 , end, 0
 2015-04-16 11:38:37.507, 3, 3, SP5S1, start 
 2015-04-16 11:41:12.570, 3,3,SP5S1 , FINISHED TRIAL, 0
 2015-04-16 11:41:12.939, 3,3,SP5S1 , FINISHED TRIAL, 0
 2015-04-16 11:41:35.193, 6, 0, null, start 
 2015-04-16 11:44:10.582, 6,0,null , end, -240
 2015-04-16 11:44:10.955, 6, 1, null, start 
 2015-04-16 11:44:15.584, 6,1,null , end, 0
 2015-04-16 11:44:15.957, 6, 2, null, start 
 2015-04-16 11:44:20.959, 6,2,null , end, 0
 2015-04-16 11:44:25.960, 6, 3, null, start 
 2015-04-16 11:48:06.285, 6,3,null , FINISHED TRIAL, 0
 2015-04-16 11:48:06.745, 6,3,null , FINISHED TRIAL, 0
 2015-04-16 11:48:58.280, 1, 0, SP5S1, start 
 2015-04-16 11:51:19.813, 1,0,SP5S1 , end, -210
 2015-04-16 11:51:20.183, 1, 1, SP5S1, start 
 2015-04-16 11:51:24.815, 1,1,SP5S1 , end, 0
 2015-04-16 11:51:25.185, 1, 2, SP5S1, start 
 2015-04-16 11:51:30.187, 1,2,SP5S1 , end, 0
 2015-04-16 11:51:35.188, 1, 3, SP5S1, start 
 2015-04-16 11:55:48.908, 1,3,SP5S1 , FINISHED TRIAL, 0
 2015-04-16 11:55:49.332, 1,3,SP5S1 , FINISHED TRIAL, 0
 2015-04-16 13:50:16.597, 1, 0, TestJerry, start 
 2015-04-16 13:52:41.585, 1,0,TestJerry , end, 280
 2015-04-16 13:52:46.587, 1, 1, TestJerry, start 
 2015-04-16 13:54:56.851, 1,1,TestJerry , end, 270
 2015-04-16 13:55:01.853, 1, 2, TestJerry, start 
 2015-04-16 13:58:25.244, 1,2,TestJerry , end, 250
 2015-04-16 13:58:30.245, 1, 3, TestJerry, start 
 2015-04-16 14:01:13.941, 1,3,TestJerry , FINISHED TRIAL, 0
 2015-04-16 14:02:09.950, 1, 0, JerryTest, start 
 2015-04-16 14:04:13.582, 1,0,JerryTest , end, 290
 2015-04-16 14:04:14.058, 1, 1, JerryTest, start 
 2015-04-16 14:04:19.060, 1,1,JerryTest , end, 0
 2015-04-16 14:04:24.063, 1, 2, JerryTest, start 
 2015-04-16 14:09:04.586, 1, 0, JerryTest, start 
 2015-04-16 14:09:30.191, 1,0,JerryTest , end, 10
 2015-04-16 14:09:35.192, 1, 1, JerryTest, start 
 2015-04-16 14:10:21.053, 1,1,JerryTest , end, 40
 2015-04-16 14:10:26.055, 1, 2, JerryTest, start 
 2015-04-16 14:10:45.706, 1,2,JerryTest , end, 40
 2015-04-16 14:10:50.708, 1, 3, JerryTest, start 
 2015-04-16 14:11:12.708, 1,3,JerryTest , FINISHED TRIAL, 0
 2015-04-16 14:11:39.192, 1, 0, JerryTest, start 
 2015-04-16 14:12:10.104, 1,0,JerryTest , end, 40
 2015-04-16 14:12:15.105, 1, 1, JerryTest, start 
 2015-04-16 14:14:50.304, 2, 0, JerryTest, start 
 2015-04-16 14:15:19.896, 2,0,JerryTest , end, 40
 2015-04-16 14:15:24.897, 2, 1, JerryTest, start 
 2015-04-16 14:16:58.765, 3, 0, Jerry, start 
 2015-04-16 14:17:40.161, 3,0,Jerry , end, 40
 2015-04-16 14:17:45.163, 3, 1, Jerry, start 
 2015-04-16 14:21:08.739, 5, 0, Jerry, start 
 2015-04-16 14:22:56.870, 5,0,Jerry , end, 300
 2015-04-16 14:23:01.871, 5, 1, Jerry, start 
 2015-04-16 14:24:33.617, 1, 0, Jerry, start 
 2015-04-16 14:26:29.604, 1,0,Jerry , end, 290
 2015-04-16 14:26:34.606, 1, 1, Jerry, start 
 2015-04-16 14:27:49.734, 1,1,Jerry , end, 300
 2015-04-16 14:27:54.736, 1, 2, Jerry, start 
 2015-04-16 16:21:55.515, 1, 0, bbb, start 
 2015-04-16 16:25:36.523, 1, 0, bbb, start 
 2015-04-16 16:25:52.838, 1,0,bbb , end, 10
 2015-04-16 16:25:57.842, 1, 1, bbb, start 
 2015-04-16 16:26:20.344, 1,1,bbb , end, 0
 2015-04-16 16:26:25.349, 1, 2, bbb, start 
 2015-04-16 16:26:56.046, 1,2,bbb , end, -50
 2015-04-16 16:27:01.048, 1, 3, bbb, start 
 2015-04-16 16:28:16.847, 1,3,bbb , FINISHED TRIAL, 0
 2015-04-21 11:08:36.963, 0, 0, null, start 
 2015-04-21 11:10:46.605, 0,0,null , FINISHED TRIAL, 0
 2015-04-21 11:11:25.787, 1, 0, SP6S1, start 
 2015-04-21 11:13:04.049, 1,0,SP6S1 , end, 140
 2015-04-21 11:13:09.051, 1, 1, SP6S1, start 
 2015-04-21 11:14:27.822, 1,1,SP6S1 , end, 130
 2015-04-21 11:14:32.824, 1, 2, SP6S1, start 
 2015-04-21 11:18:36.254, 1,2,SP6S1 , end, -420
 2015-04-21 11:18:41.257, 1, 3, SP6S1, start 
 2015-04-21 11:22:55.150, 1,3,SP6S1 , FINISHED TRIAL, 0
 2015-04-21 11:23:37.823, 2, 0, SP6S1, start 
 2015-04-21 11:25:55.300, 2,0,SP6S1 , end, 280
 2015-04-21 11:26:00.302, 2, 1, SP6S1, start 
 2015-04-21 11:27:44.455, 2,1,SP6S1 , end, 240
 2015-04-21 11:27:49.457, 2, 2, SP6S1, start 
 2015-04-21 11:32:41.242, 2,2,SP6S1 , end, 10
 2015-04-21 11:32:46.243, 2, 3, SP6S1, start 
 2015-04-21 11:36:53.391, 2,3,SP6S1 , FINISHED TRIAL, 0
 2015-04-21 11:38:51.877, 3, 0, SP6S1, start 
 2015-04-21 11:40:53.347, 3,0,SP6S1 , end, 160
 2015-04-21 11:40:58.350, 3, 1, SP6S1, start 
 2015-04-21 11:43:34.651, 3,1,SP6S1 , end, 190
 2015-04-21 11:43:39.652, 3, 2, SP6S1, start 
 2015-04-21 11:48:02.537, 3,2,SP6S1 , end, 120
 2015-04-21 11:48:07.539, 3, 3, SP6S1, start 
 2015-04-21 11:51:50.589, 3,3,SP6S1 , FINISHED TRIAL, 0
